,Adj Close,sma--sma,sma--ema,sma--macd,sma--bb2,sma--bb3,sma--dmi,sma--mom,sma--rsi,ema--sma,ema--ema,ema--macd,ema--bb2,ema--bb3,ema--dmi,ema--mom,ema--rsi,macd--sma,macd--ema,macd--macd,macd--bb2,macd--bb3,macd--dmi,macd--mom,macd--rsi,bb2--sma,bb2--ema,bb2--macd,bb2--bb2,bb2--bb3,bb2--dmi,bb2--mom,bb2--rsi,bb3--sma,bb3--ema,bb3--macd,bb3--bb2,bb3--bb3,bb3--dmi,bb3--mom,bb3--rsi,dmi--sma,dmi--ema,dmi--macd,dmi--bb2,dmi--bb3,dmi--dmi,dmi--mom,dmi--rsi,mom--sma,mom--ema,mom--macd,mom--bb2,mom--bb3,mom--dmi,mom--mom,mom--rsi,rsi--sma,rsi--ema,rsi--macd,rsi--bb2,rsi--bb3,rsi--dmi,rsi--mom,rsi--rsi
2022-02-25 00:00:00,4425505.5,,,,,,,,,,,,,,,,,,,,,,,,,,,,,,,,,,,,,,,,,,,,,,,,,,,,,,,,,,,,,,,,
2022-02-25 00:05:00,4426041.0,,,,,,,,,,,,,,,,,,,,,,,,,,,,,,,,,,,,,,,,,,,,,,,,,,,,,,,,,,,,,,,,
2022-02-25 00:10:00,4441618.0,,,,,,,,,,,,,,,,,,,,,,,,,,,,,,,,,,,,,,,,,,,,,,,,,,,,,,,,,,,,,,,,
2022-02-25 00:15:00,4444094.0,,,,,,,,,,,,,,,,,,,,,,,,,,,,,,,,,,,,,,,,,,,,,,,,,,,,,,,,,,,,,,,,
2022-02-25 00:20:00,4442248.0,,,,,,,,,,,,,,,,,,,,,,,,,,,,,,,,,,,,,,,,,,,,,,,,,,,,,,,,,,,,,,,,
2022-02-25 00:25:00,4459241.0,,,,,,,,,,,,,,,,,,,,,,,,,,,,,,,,,,,,,,,,,,,,,,,,,,,,,,,,,,,,,,,,
2022-02-25 00:30:00,4462749.5,,,,,,,,,,,,,,,,,,,,,,,,,,,,,,,,,,,,,,,,,,,,,,,,,,,,,,,,,,,,,,,,
2022-02-25 00:35:00,4461067.0,,,,,,,,,,,,,,,,,,,,,,,,,,,,,,,,,,,,,,,,,,,,,,,,,,,,,,,,,,,,,,,,
2022-02-25 00:40:00,4453470.5,,,,,,,,,,,,,,,,,,,,,,,,,,,,,,,,,,,,,,,,,,,,,,,,,,,,,,,,,,,,,,,,
2022-02-25 00:45:00,4444289.0,,,,,,,,,,,,,,,,,,,,,,,,,,,,,,,,,,,,,,,,,,,,,,,,,,,,,,,,,,,,,,,,
2022-02-25 00:50:00,4434457.5,,,,,,,,,,,,,,,,,bid,bid,bid,bid,bid,bid,bid,bid,,,,,,,,,,,,,,,,,,,,,,,,,,,,,,,,,,,,,,,,
2022-02-25 00:55:00,4425114.5,,,,,,,,,,,,,,,,,,,,,,,,,,,,,,,,,,,,,,,,,,,,,,,,,,,,,,,,,,,,,,,,
2022-02-25 01:00:00,4412647.0,,,,,,,,,bid,bid,bid,bid,bid,bid,bid,bid,,,,,,,,,,,,,,,,,,,,,,,,,,,,,,,,,,,,,,,,,,,,,,,,
2022-02-25 01:05:00,4423990.5,,,,,,,,,,,,,,,,,,,,,,,,,,,,,,,,,,,,,,,,,,,,,,,,,,,,,,,,,,,,,,,,
2022-02-25 01:10:00,4427558.5,,,,,,,,,,,,,,,,,,,,,,,,,,,,,,,,,,,,,,,,,,,,,,,,,,,,,,,,,,,,,,,,
2022-02-25 01:15:00,4429515.0,,,,,,,,,,,,,,,,,,,,,,,,,,,,,,,,,,,,,,,,,,,,,,,,,,,,,,,,,,,,,,,,
2022-02-25 01:20:00,4463490.0,,,,,,,,,,,,,,,,,,,,,,,,,,,,,,,,,,,,,,,,,,,,,,,,,,,,,,,,,,,,,,,,
2022-02-25 01:25:00,4466086.5,,,,,,,,,,ask,ask,,,,,,,ask,ask,,,,,,,,,,,,,,,,,,,,,,,,,,,,,,,,,,,,,,,,,,,,,
2022-02-25 01:30:00,4464439.0,,,,,,,,,,,,,,,,,,,,,,,,,,,,,,,,,,,,,,,,,,,,,,,,,,,,,,,,,,,,,,,,
2022-02-25 01:35:00,4451275.5,,,,,,,,,,,,,,,,,,,,,,,,,,,,,,,,,,,,,,,,,,,,,,,,,,,,,,,,,,,,,,,,
2022-02-25 01:40:00,4441759.0,,,,,,,,,,,,,,,,,,,,,,,,,,,,,,,,,,,,,,,,,,,,,,,,,,,,,,,,,,,,,,,,
2022-02-25 01:45:00,4443105.0,,,,,,,,,,,,,,,,,,,,,,,,,,,,,,,,,,,,,,,,,,,,,,,,,,,,,,,,,,,,,,,,
2022-02-25 01:50:00,4441196.0,,,,,,,,,,,,,,,,,,,,,,,,,,,,,,,,,,,,,,,,,,,,,,,,,,,,,,,,,,,,,,,,
2022-02-25 01:55:00,4442853.0,,,,,,,,,,,,,,,,,,,,,,,,,,,,,,,,,,,,,,,,,,,,,,,,,,,,,,,,,,,,,,,,
2022-02-25 02:00:00,4452237.5,,,,,,,,,,,,,,,,,,,,,,,,,,,,,,,,,,,,,,,,,,,,,,,,,,,,,,,,,,,,,,,,
2022-02-25 02:05:00,4457074.5,,,,,,,,,,,,,,,,,,,,,,,,,,,,,,,,,,,,,,,,,,,,,,,,,,,,,,,,,,,,,,,,
2022-02-25 02:10:00,4447677.5,,,,,,,,,,,,,,,,,,,,,,,,,,,,,,,,,,,,,,,,,,,,,,,,,,,,,,,,,,,,,,,,
2022-02-25 02:15:00,4447990.5,,,,,,,,,,,,,,,,,,,,,,,,,,,,,,,,,,,,,,,,,,,,,,,,,,,,,,,,,,,,,,,,
2022-02-25 02:20:00,4456574.0,,,,,,,,,,,,,,,,,,,,,,,,,,,,,,,,,,,,,,,,,,,,,,,,,,,,,,,,,,,,,,,,
2022-02-25 02:25:00,4455657.5,,,,,,,,,,,,,,,,,,,,,,,,,,,,,,,,,,,,,,,,,,,,,,,,,,,,,,,,,,,,,,,,
2022-02-25 02:30:00,4458603.0,,,,,,,,,,,,,,,,,,,,,,,,,,,,,,,,,,,,,,,,,,,,,,,,,,,,,,,,,,,,,,,,
2022-02-25 02:35:00,4457921.0,,,,,,,,,,,,,,,ask,,,,,,,,ask,,,,,,,,,,,,,,,,,,,,,,,,,,,,,,,,,,,,,,,,,
2022-02-25 02:40:00,4462934.0,,,,,,,,,,,,,,,,,,,,,,,,,,,,,,,,,,,,,,,,,,,,,,,,,bid,bid,bid,bid,bid,bid,bid,bid,,,,,,,,
2022-02-25 02:45:00,4461810.5,,,,,,,,,,,,,,,,,,,,,,,,,,,,,,,,,,,,,,,,,,,,,,,,,,,,,,,,,,,,,,,,
2022-02-25 02:50:00,4468225.0,,,,,,,,,,,,,,,,ask,,,,,,,,ask,,,,,,,,,,,,,,,,,,,,,,,,,,,,,,,,ask,,,,,,,,
2022-02-25 02:55:00,4469367.5,,,,,,,,,,,,,,,,,,,,,,,,,,,,,,,,,,,,,,,,,,,,,,,,,,,,,,,,,,,,,,,,
2022-02-25 03:00:00,4468788.5,,,,,,,,,,,,,,,,,,,,,,,,,,,,,,,,,,,,,,,,,,,,,,,,,,,,,,,,,,,,,,,,
2022-02-25 03:05:00,4465821.0,,,,,,,,,,,,,,,,,,,,,,,,,,,,,,,,,,,,,,,,,,,,,,,,,,,,,,,,,,,,,,,,
2022-02-25 03:10:00,4469072.5,,,,,,,,,,,,,,,,,,,,,,,,,,,,,,,,,,,,,,,,,,,,,,,,,,,,,,,,,,,,,,,,
2022-02-25 03:15:00,4463099.5,,,,,,,,,,,,,,,,,,,,,,,,,,,,,,,,,,,,,,,,,,,,,,,,,,,,,,,,,,,,,,,,
2022-02-25 03:20:00,4453862.5,,,,,,,,,,,,,,,,,,,,,,,,,,,,,,,,,,,,,,,,,,,,,,,,,,,,,,,,,,,,,,,,
2022-02-25 03:25:00,4447856.0,,,,,,,,,,,,,,,,,,bid,bid,,,,bid,bid,,,,,,,,,,,,,,,,,,,,,,,,,,,,,,,ask,,,,,,,,,
2022-02-25 03:30:00,4445670.0,,,,,,,,,,,,,,ask,,,,,,,,ask,ask,,,,,,,,,,,,,,,,,,,,,,,,,,,,,,,ask,,,,,,,,,,
2022-02-25 03:35:00,4448571.0,,,,,,,,,,,,,,,,,,,,,,,,,,,,,,,,,,,,,,,,,,,,,,,,,,,,,,,,,,,,,,,,
2022-02-25 03:40:00,4462224.0,,,,,,,,,,,,,,,,,,,,,,,,,,,,,,,,,,,,,,,,,bid,bid,bid,bid,bid,bid,bid,bid,,,,,,,,,,,,,,,,
2022-02-25 03:45:00,4468671.5,,,,,,,,,,,,,,,,,,,,,,,,,,,,,,,,,,,,,,,,,,,,,,,,,,,,,,bid,bid,bid,,,,,,,,
2022-02-25 03:50:00,4472900.5,,,,,,,,,,,,,,,,,,,ask,,,,,,,,,,,,,,,,,,,,,,,,ask,,,,,,,,ask,,,,,,,,,,,,,
2022-02-25 03:55:00,4481398.5,,,,,,,,,,,,ask,,,,,,,,ask,,,,,,,,,,,,,,,,,,,,,,,,ask,,,,,,,,ask,,,,,,,,,,,,
2022-02-25 04:00:00,4481098.0,,,,,,,,,,,,,,,,,,,,,,,,,,,,,,,,,,,,,,,,,,,,,,,,,,,,,,,,,,,,,,,,
2022-02-25 04:05:00,4483007.5,,,,,,,,,,,,,,,,,,,,,,,,,,,,,,,,,,,,,,,,,,,,,,,,,,,,,,,,,,,,,,,,
2022-02-25 04:10:00,4476282.0,,,,,,,,,,,,,,,,,,,,,,,,,,,,,,,,,,,,,,,,,,,,,,,,,,,,,,,,,,,,,,,,
2022-02-25 04:15:00,4477080.5,,,,,,,,,,,,,,,,,,,,,,,,,,,,,,,,,,,,,,,,,,,,,,,,,,,,,,,,,,,,,,,,
2022-02-25 04:20:00,4470036.5,,,,,,,,,,,,,,,,,,,,,,,,,,,,,,,,,,,,,,,,,,,,,,,,,,,,,,,,,,,,,,,,
2022-02-25 04:25:00,4468438.5,,,,,,,,,,,,,,,,,,,,,,,,,,,,,,,,,,,,,,,,,,,,,,,ask,,,,,,,,ask,,,,,,,,,
2022-02-25 04:30:00,4468213.0,,,,,,,,,,,,,,,,,,,,,,,,,,,,,,,,,,,,,,,,,,,,,,,,,,,,,,,,,,,,,,,,
2022-02-25 04:35:00,4460999.5,,,,,,,,,,,,,,,,,,,bid,bid,,bid,bid,,,,,,,,,,,,,,,,,,,,,,,,,,,,,,,,,,,,,,,,,
2022-02-25 04:40:00,4458537.0,,,,,,,,,,,,,,,,,,,,,,,ask,,,,,,,,,,,,,,,,,,,,,,,,,,,,,,,,,,,,,,,,,
2022-02-25 04:45:00,4461940.0,,,,,,,,,,,,,,,,,,,,,,,,,,,,,,,,,,,,,,,,,,,,,,,,,,,bid,bid,,,bid,,,,,,,,,
2022-02-25 04:50:00,4464242.5,,,,,,,,,,,,,,,,,,,,,,,,,,,,,,,,,,,,,,,,,,,,,,,,,,,,,,,,,,,,,,,,
2022-02-25 04:55:00,4466362.0,,,,,,,,,,,,,,,,,,,,,,,,,,,,,,,,,,,,,,,,,,,,,,,,,,,,,,,,,,,,,,,,
2022-02-25 05:00:00,4465233.0,,,,,,,,,,,,,,,,,,,,,,,,,,,,,,,,,,,,,,,,,,,,,,,,,,,,,,,ask,,,,,,,,,
2022-02-25 05:05:00,4448043.0,,,,,,,,,,,,,,,,,,,,,,,,,,,,,,,,,,,,,,,,,,,,,,,,,,,,,,,,,bid,bid,bid,bid,bid,bid,bid,bid
2022-02-25 05:10:00,4428856.5,bid,bid,bid,bid,bid,bid,bid,bid,,,,,,,,,,,,,,,,,bid,bid,bid,bid,bid,bid,bid,bid,,,,,,,,,,,,,,,,,,,,,,,,,,,,,,,,
2022-02-25 05:15:00,4427610.5,,,,,,,,,,,,,,,,,,,,,,,,,,,,,,,,,,,,,,,,,,,,,,,,,,,,,,,,,,,,,,,,
2022-02-25 05:20:00,4440060.5,,,,,,,,,,bid,bid,bid,,bid,bid,bid,,,,,,,,,,,,,,,,,,,,,,,,,,,,,,,,,,,,,,,,,,,,,,,,
2022-02-25 05:25:00,4440398.5,,,,,,,,,,,,,,,,,,,,,,,,,,,,,,,,,,,,,,,,,,,,,,,,,,,,,,,,,,,,,,,,
2022-02-25 05:30:00,4440808.5,,,,,,,,,,,,,,,,,,,,,,,,,,,,,,,,,,,,,,,,,,,,,,,,,,,,,,,bid,,,,,,,,,
2022-02-25 05:35:00,4442623.0,,,,,,,,,,,,,,,,,,,,,,,,,,,,,,,,,,,,,,,,,,,,,,,,,,,,,,,,,,,,,,,,
2022-02-25 05:40:00,4445507.0,,,,,,,,,,,,,,,,,,,,,,,,,,,,,,,,,,,,,,,,,,,,,,,,,,,,,,,,,,,,,,,,
2022-02-25 05:45:00,4444383.0,,,,,,,,,,,,,,,,,,,,,,,,,,,,,,,,,,,,,,,,,,,,,,,,,,,,,,,,,,,,,,,,
2022-02-25 05:50:00,4443191.5,,,,,,,,,,,,,,,,,,,,,,,,,,,,,,,,,,,,,,,,,,,,,,,,,,,,,,,,,,,,,,,,
2022-02-25 05:55:00,4437667.5,,,,,,,,,,,,,,,,,,,,,,,,,,,,,,,,,,,,,,,,,,,,,,,,,,,,,,,,,,,,,,,,
2022-02-25 06:00:00,4433182.5,,,,,,,,,,,,,,,,,,,,,,,,,,,,,,,,,,,,,,,,,,,,,,,,,,,,,,,,,,,,,,,,
2022-02-25 06:05:00,4427802.5,,,,,,,,,,,,,,,,,,,,,,,,,,,,,,,,,,,,,,,,,,,,,,,,,,,,,,,,,,,,,,,,
2022-02-25 06:10:00,4442007.0,,,,,,,,,,,,,,,,,,,,,,,,,,,,,,,,,,,,,,,,,,,,,,,,,,,,,,,,,,,,,,,,
2022-02-25 06:15:00,4448270.0,,,,,,,,,,,,,,,,,,,,,,,,,,,,,,,,,,,,,,,,,,,,,,,,,,,,,,,,,,,,,,,,
2022-02-25 06:20:00,4455546.5,,,,,,,,ask,,,,,,,,ask,,,,,,,,ask,,,,,,,,ask,,,,,,,,,,,bid,bid,,,bid,ask,,,,,,,,ask,,,,,,,,ask
2022-02-25 06:25:00,4448730.0,,,ask,,,,,,,,ask,,,,,,,,ask,,,,,,,,ask,,,,,,,,,,,,,,,,ask,,,,,,,,ask,,,,,,,,ask,,,,,
2022-02-25 06:30:00,4446255.5,,,,,,,,,,,,,,,,,,,,,,,,,,,,,,,,,,,,,,,,,,,,,,,,,,,bid,,,,,bid,,,,,,,,
2022-02-25 06:35:00,4449580.0,,,,,,,,,,,,,,,,,,,,,,,,,,,,,,,,,,,,,,,,,,,,,,,,,,,,,,,,,,,,,,,,
2022-02-25 06:40:00,4459356.0,,,,,,,,,,,,,,,,,,,,,,,,,,,,,,,,,,,,,,,,,,,,,,,,,,,,,,,,,,,,,,,,
2022-02-25 06:45:00,4457595.0,,,,,,,,,,,,,,,,,,,,,,,,,,,,,,,,,,,,,,,,,,,,,,,,,,,,,,,,,,,,,,,,
2022-02-25 06:50:00,4455827.0,ask,,,,,,,,ask,,,,,,,,ask,,,,,,,,ask,,,,,,,,,,,,,,,,ask,,,,,,,,ask,,,,,,,,ask,,,,,,,
2022-02-25 06:55:00,4464090.0,,,,,,,,,,,,,,,,,,,,,,,,,,,,,,,,,,,,,,,,,,,,,,,,,bid,,,,,,,,,,,,,,,
2022-02-25 07:00:00,4461079.0,,,,,,,ask,,,,,,,,ask,,,,,,,,,,,,,,,,ask,,,,,,,,,,,,,,,,ask,,,,,,,,ask,,,,,,,,ask,
2022-02-25 07:05:00,4459601.5,,,,,,,,,,,,,,,,,,,,,,,,,,,,,,,,,,,,,,,,,,,,,,,,,,,,,,,,,,,,,,,,
2022-02-25 07:10:00,4455298.0,,,,,,,,,,,,,,,,,,,,,,,,,,,,,,,,,,,,,,,,,,,,,,,,,,,,,,,,,,,,,,,,
2022-02-25 07:15:00,4450495.0,,,,,,,,,,,,,,,,,,,,,,,,,,,,,,,,,,,,,,,,,,,,,,,,,,,,,,,bid,,,,,,,,,
2022-02-25 07:20:00,4445961.5,,,,,,,,,,,,,,,,,,,,,,,,,,,,,,,,,,,,,,,,,,,,,,,,,,,,,,,,,,,,,,,,
2022-02-25 07:25:00,4447747.0,,,,,,,,,,,,,,,,,,,,,,,,,,,,,,,,,,,,,,,,,,,,,,,,,,,,,,,,,,,,,,,,
2022-02-25 07:30:00,4445519.0,,,,,,,,,,,,,,,,,bid,,bid,,,,bid,bid,,,,,,,,,,,,,,,,,,,,,,,,,,,,,,,,,,,,,,,,
2022-02-25 07:35:00,4444791.0,,,,,,,,,,,,,,,,,,,,,,,,,,,,,,,,,,,,,,,,,,,,,,,,,,,,,,,,,,,,,,,,
2022-02-25 07:40:00,4446110.5,,,,,,,,,,,,,,,,,,,,,,,,,,,,,,,,,,,,,,,,,,,,,,,,,,,,,,,,,,,,,,,,
2022-02-25 07:45:00,4451973.0,,,,,,,,,,,,,,,,,,,,,,,,,,,,,,,,,,,,,,,,,,,,,,,,,,,,,,,,,,,,,,,,
2022-02-25 07:50:00,4446483.0,,,,,,,,,,,,,,,,,,,,,,,ask,,,,,,,,,,,,,,,,,,,,,,,,,,,,,,,,ask,,,,,,,,,
2022-02-25 07:55:00,4434125.5,,,,,,,,,,,,,,,,,,,,,,,,,,,,,,,,,,,,,,,,,,,,,,,,,,,,,,,,,bid,,bid,,,,bid,bid
2022-02-25 08:00:00,4434856.5,bid,,bid,,,,bid,bid,,,,,,,,,,,,,,,,,,,,,,,,,,,,,,,,,,,,,,,,,,,,,,,,,,,,,,,,
2022-02-25 08:05:00,4437009.5,,,,,,,,,,,,,,,,,,,,,,,,,,,,,,,,,,,,,,,,,,,,,,,,,,,,,,,,,,,,,,,,
2022-02-25 08:10:00,4425872.0,,,,,,,,,,,,,,,,,,,,,,,,,bid,,bid,,,,bid,bid,,,,,,,,,,,,,,,,,,,,,,,,,,,,,,,,
2022-02-25 08:15:00,4413862.5,,,,,,,,,,,,,,,,,,,,,,,,,,,,,,,,,,,,,,,,,,,,,,,,,,,,,,,,,,,,,,,,
2022-02-25 08:20:00,4414184.5,,,,,,,,,,,,,,,,,,,,,,,,,,,,,,,,,,,,,,,,,,,,,,,,,,,,,,,,,,,,,,,,
2022-02-25 08:25:00,4412384.5,,,,,,,,,,,,,,,,,,,,,,,,,,,,,,,,,,,,,,,,,,,,,,,,,,,,,,,,,,,,,,,,
2022-02-25 08:30:00,4417868.0,,,,,,,,,,,,,,,,,,,,,,,,,,,,,,,,,,,,,,,,,,,,,,,,,,,,,,,,,,,,,,,,
2022-02-25 08:35:00,4418623.5,,,,,,,,,,,,,,,,,,,,,,,,,,,,,,,,,,,,,,,,,,,,,,,,,,,,,,,,,,,,,,,,
2022-02-25 08:40:00,4417772.0,,,,,,,,,,,,,,,,,,,,,,,,,,,,,,,,,,,,,,,,,,,,,,,,,,,,,,,,,,,,,,,,
2022-02-25 08:45:00,4421907.5,,,,,,,,,,,,,,,,,,,,,,,,,,,,,,,,,,,,,,,,,,,,,,,,,,,,,,,,,,,,,,,,
2022-02-25 08:50:00,4429759.5,,,,,,,,,,,,,,,,,,,,,,,,,,,,,,,,,,,,,,,,,,,,,,,,,,,,,,,,,,,,,,,,
2022-02-25 08:55:00,4428827.0,,,,,,,,,,,,,,,,,,,,,,,,,,,,,,,,,,,,,,,,,,,,,,,,,,,,,,,,,,,,,,,,
2022-02-25 09:00:00,4430061.0,,,,,,,,,,,,,,,,,,,,,,,,,,,,,,,,,,,,,,,,,,,,,,,,,,,,,,,bid,,,,,,,,,
2022-02-25 09:05:00,4422466.0,,,,,,,,,,,,,,,,,,,,,,,,,,,,,,,,,,,,,,,,,,,,,,,,,,,,,,,,,,,,,,,,
2022-02-25 09:10:00,4420822.0,,,,,,,,,,,,,,,,,,,,,,,,,,,,,,,,,,,,,,,,,,,,,,,,,,,,,,,,,,,,,,,,
2022-02-25 09:15:00,4416765.5,,,,,,,,,,,,,,,,,,,,,,,,,,,,,,,,,,,,,,,,,,,,,,,,,,,,,,,,,,,,,,,,
2022-02-25 09:20:00,4418240.0,,,,,,,,,,,,,,,,,,,,,,,,,,,,,,,,,,,,,,,,,,,,,,,,,,,,,,,,,,,,,,,,
2022-02-25 09:25:00,4394403.0,,,,,,,,,,,,,,,,,,,,,,,,,,,,,,,,,,,,,,,,,,,,,,,,,,,,,,,,,,,,,,,,
2022-02-25 09:30:00,4403061.0,,,,,,,,,,,,,,,,,,,,,,,,,,,,,,,,,,,,,,,,,,,,,,,,,,,,,,,,,,,,,,,,
2022-02-25 09:35:00,4409857.5,,,,,,,,,,,,,,,,,,,,,,,,,,,,,,,,,,,,,,,,,,,,,,,,,,,,,,,,,,,,,,,,
2022-02-25 09:40:00,4409993.5,,,,,,,,,,,,,,,,,,,,,,,,,,,,,,,,,,,,,,,,,,,,,,,,,,,,,,,,,,,,,,,,
2022-02-25 09:45:00,4416854.5,,,,,,,,,,,,,,,,,,,,,,,,,,,,,,,,,,,,,,,,,,,,,,,,,,,,,,,,,,,,,,,,
2022-02-25 09:50:00,4420899.0,,,,,,,,,,,,,,,,,,,,,,,,,,,,,,,,,,,,,,,,,,,,,,,,,,,,,,,,,,,,,,,,
2022-02-25 09:55:00,4441080.5,,,ask,,,,,,,,,,,,,,,,ask,,,,,,,,ask,,,,,,,,,,,,,,,,,,,,,,,,ask,,,,,,,,ask,,,,,
2022-02-25 10:00:00,4455019.5,,,,ask,,,,,,,,ask,,,,,,,,ask,,,,,,,,ask,,,,,,,,,,,,,,,,ask,,,,,,,bid,ask,,,,,,,,ask,,,,
2022-02-25 10:05:00,4449583.0,,,,,,,,,,,,,,,,,,,,,,,,,,,,,,,,,,,,,,,,,,,,,,,,,,,,,,,,,,,,,,,,
2022-02-25 10:10:00,4448602.5,ask,,,,,,,,,,,,,,,,ask,,,,,,,,ask,,,,,,,,,,,,,,,,,,,,,,,,ask,,,,,,,,ask,,,,,,,
2022-02-25 10:15:00,4453775.5,,,,,,,,,,,,,,,,,,,,,,,,,,,,,,,,,,,,,,,,,,,,,,,,,,,,,,,,,,,,,,,,
2022-02-25 10:20:00,4451773.5,,,,,,,,,,,,,,,,,,,,,,,,,,,,,,,,,,,,,,,,,,,,,,,,,,,,,,,,,,,,,,,,
2022-02-25 10:25:00,4453529.0,,,,,,,,,,,,,,,,,,,,,,,,,,,,,,,,,,,,,,,,,,,,,,,,,,,,,,,,,,,,,,,,
2022-02-25 10:30:00,4458478.5,,,,,,,,,,,,,,,,,,,,,,,,,,,,,,,,,,,,,,,,,,,,,,,,,,,,,,,,,,,,,,,,
2022-02-25 10:35:00,4455747.5,,ask,,,,,,ask,,ask,,,,,,,,ask,,,,,,ask,,ask,,,,,,ask,,,,,,,,,,ask,,,,,,,,ask,,,,,,ask,,ask,,,,,,ask
2022-02-25 10:40:00,4450783.5,,,,,,,,,,,,,,,,,,,,,,,,,,,,,,,,,,,,,,,,,,,,,,,,,,,,,,,,,,,,,,,,
2022-02-25 10:45:00,4449225.0,,,,,,,,,,,,,,,,,,,,,,,,,,,,,,,,,,,,,,,,,,,,,,,,,,,,,,,,,,,,,,,,
2022-02-25 10:50:00,4453139.5,,,,,,,,,,,,,,,,,,,,,,,,,,,,,,,,,,,,,,,,,,,,,,,,,,,,,,,,,,,,,,,,
2022-02-25 10:55:00,4449363.0,,,,,,,ask,,,,,,,,,,,,,,,,,,,,,,,,ask,,,,,,,,,,,,,,,,,,,,,,,,ask,,,,,,,,ask,
2022-02-25 11:00:00,4451691.0,,,,,,,,,,,,,,,,,,,,,,,,,,,,,,,,,,,,,,,,,,,,,,,,,,,,,,,,,,,,,,,,
2022-02-25 11:05:00,4438008.0,,,,,,,,,,,,,,,,,,,,,,,,,,,,,,,,,,,,,,,,,,,,,,,,,,,,,,,,,,,,,,,,
2022-02-25 11:10:00,4437867.5,,,,,,ask,,,,,,,,ask,,,,,,,,ask,,,,,,,,ask,,,,,,,,,,,,,,,,ask,,,,,,,,ask,,,,,,,,ask,,
2022-02-25 11:15:00,4438206.0,,,,,,,,,,,,,,,,,,,,,,,,,,,,,,,,,,,,,,,,,,,,,,,,,,,,,,,,,,,,,,,,
2022-02-25 11:20:00,4440810.5,,,,,,,,,,,,,,,,,bid,bid,bid,bid,,bid,bid,bid,,,,,,,,,,,,,,,,,,,,,,,,,,,,,,,,,,,,,,,,
2022-02-25 11:25:00,4454134.5,,,,,,,,,,,,,,,,,,,ask,,,,,,,,,,,,,,,,,,,,,,bid,bid,bid,bid,,bid,bid,bid,,,ask,,,,,,,,,,,,,
2022-02-25 11:30:00,4457701.0,,,,,,,,,,,,,,,,,,,,,,,,,,,,,,,,,,,,,,,,,,,,,,,,,,,,,,,,,,,,,,,,
2022-02-25 11:35:00,4462166.5,,,,,,,,,,,,,,,,,,,,,,,,,,,,,,,,,,,,,,,,,,,,,,,,,,,,,,,,,,,,,,,,
2022-02-25 11:40:00,4454381.5,,,,,,,,,,,,,,,,,,,,,,,,,,,,,,,,,,,,,,,,,,,,,,,,,,,,,,,,,,,,,,,,
2022-02-25 11:45:00,4463689.5,,,,,,,,,,,,,,,,,,,,,,,,,,,,,,,,,,,,,,,,,,,,,,,,,,,,,,,,,,,,,,,,
2022-02-25 11:50:00,4466588.0,,,,,,,,,,,,,,,,,,,,,,,,,,,,,,,,,,,,,,,,,,,,,,,,,,,,,,,,,,,,,,,,
2022-02-25 11:55:00,4471923.5,,,,,,,,,,,,,,,,,,,,ask,,,,,,,,,,,,,,,,,,,,,,,,ask,,,,,,,,,,,,,,,,,,,,
2022-02-25 12:00:00,4477203.0,,,,,,,,,,,,,,,,,,,,,,,,,,,,,,,,,,,,,,,,,,,,,,,,,,,,,,,,,,,,,,,,
2022-02-25 12:05:00,4486736.0,,,,,,,,,,,,,,,,,,,,,,,ask,ask,,,,,,,,,,,,,,,,,,,,,,,ask,ask,,,,,,,,,,,,,,,,
2022-02-25 12:10:00,4498383.0,,,,,,,,,,,,,,,,,,,,,,,,,,,,,,,,,,,,,,,,,,,,,,,,,,,,,,,,,,,,,,,,
2022-02-25 12:15:00,4495056.0,,,,,,,,,,,,,,,,,,,,,,,,,,,,,,,,,,,,,,,,,,,,,,,,,,,,,,,,,,,,,,,,
2022-02-25 12:20:00,4491283.5,,,,,,,,,,,,,,,,,,,,,,,,,,,,,,,,,,,,,,,,,,,,,,,,,,,,,,,,,,,,,,,,
2022-02-25 12:25:00,4488178.0,,,,,,,,,,,,,,,,,,,,,,,,,,,,,,,,,,,,,,,,,,,,,,,,,,,,,,,,,,,,,,,,
2022-02-25 12:30:00,4488050.5,,,,,,,,,,,,,,,,,,,,,,,,,,,,,,,,,,,,,,,,,,,,,,,,,,,,,,,,,,,,,,,,
2022-02-25 12:35:00,4484357.5,,,,,,,,,,,,,,,,,,,,,,,,,,,,,,,,,,,,,,,,,,,,,,,,,,,,,,,,,,,,,,,,
2022-02-25 12:40:00,4489514.0,,,,,,,,,,,,,,,,,,,,,,,,,,,,,,,,,,,,,,,,,,,,,,,,,,,,,,,,,,,,,,,,
2022-02-25 12:45:00,4492921.5,,,,,,,,,,,,,,,,,,,,,,,,,,,,,,,,,,,,,,,,,,,,,,,,,,,,,,,,,,,,,,,,
2022-02-25 12:50:00,4519466.0,,,,,,,,,,,,,,,,,,,,,,,,,,,,,,,,,,,,,,,,,,,,,,,,,,,,,,,,,,,,,,,,
2022-02-25 12:55:00,4543353.5,,,,,,,,,,,,,,,,,,,,,,,,,,,,,,,,,,,,,,,,,,,,,,,,,,,,,,,,,,,,,,,,
2022-02-25 13:00:00,4546103.5,,,,,,,,,,,,,,,,,,,,,,,,,,,,,,,,,,,,,,,,,,,,,,,,,,,,,,,,,,,,,,,,
2022-02-25 13:05:00,4548977.0,,,,,,,,,,,,,,,,,,,,,,,,,,,,,,,,,,,,,,,,,,,,,,,,,,,,,,,,,,,,,,,,
2022-02-25 13:10:00,4550427.0,,,,,,,,,,,,,,,,,,,,,,,,,,,,,,,,,,,,,,,,,,,,,,,,,,,,,,,,,,,,,,,,
2022-02-25 13:15:00,4543822.5,,,,,,,,,,,,,,,,,,,,,,,,,,,,,,,,,,,,,,,,,,,,,,,,,,,,,,,,,,,,,,,,
2022-02-25 13:20:00,4548212.5,,,,,,,,,,,,,,,,,,,,,,,,,,,,,,,,,,,,,,,,,,,,,,,,,,,,,,,,,,,,,,,,
2022-02-25 13:25:00,4546779.5,,,,,,,,,,,,,,,,,,,,,,,,,,,,,,,,,,,,,,,,,,,,,,,,,,,,,,,,,,,,,,,,
2022-02-25 13:30:00,4544425.0,,,,,,,,,,,,,,,,,,,,,,,,,,,,,,,,,,,,,,,,,,,,,,,,,,,,,,,,,,,,,,,,
2022-02-25 13:35:00,4573480.5,,,,,,,,,,,,,,,,,,,,,,,,,,,,,,,,,,,,,,,,,,,,,,,,,,,,,,,,,,,,,,,,
2022-02-25 13:40:00,4575623.0,,,,,,,,,,,,,,,,,,,,,,,,,,,,,,,,,,,,,,,,,,,,,,,,,,,,,,,,,,,,,,,,
2022-02-25 13:45:00,4562827.5,,,,,,,,,,,,,,,,,,,,,,,,,,,,,,,,,,,,,,,,,,,,,,,,,,,,,,,,,,,,,,,,
2022-02-25 13:50:00,4558948.0,,,,,,,,,,,,,,,,,,,,,,,,,,,,,,,,,,,,,,,,,,,,,,,,,,,,,,,,,,,,,,,,
2022-02-25 13:55:00,4547616.5,,,,,,,,,,,,,,,,,,,,,,,,,,,,,,,,,,,,,,,,,,,,,,,,,,,,,,,,,,,,,,,,
2022-02-25 14:00:00,4538593.0,,,,,,,,,,,,,,,,,,,,,,,,,,,,,,,,,,,,,,,,,,,,,,,,,,,,,,,,,,,,,,,,
2022-02-25 14:05:00,4536836.5,,,,,,,,,,,,,,,,,,,,,,ask,,,,,,,,,,,,,,,,,,,,,,,,ask,,,,,,,,,,,,,,,,,,
2022-02-25 14:10:00,4534238.5,,,,,,,,,,,,,,,,,,,bid,bid,,bid,bid,bid,,,,,,,,,,,,,,,,,,,,,,,,,,,,,,,,,,,,,,,,
2022-02-25 14:15:00,4529016.5,,,,,,,,,,,,,,,,,,,,,,,,,,,,,,,,,,,,,,,,,,,,,,,,,,,,,,,,,,,,,,,,
2022-02-25 14:20:00,4524855.0,,,,,,,,,,,,,,,,,,,,,,,,,,,,,,,,,,,,,,,,,,,,,,,,,,,,,,,,,,,,,,,,
2022-02-25 14:25:00,4529056.5,,,,,,,,,,,,,,,,,,,,,,,,,,,,,,,,,,,,,,,,,,,,,,,,,,,,,,,,,,,,,,,,
2022-02-25 14:30:00,4529352.0,,,,,,,,,,,,,,,,,,,,,,,,,,,,,,,,,,,,,,,,,,,,,,,,,,,,,,,,,,,,,,,,
2022-02-25 14:35:00,4540719.0,,,,,,,,,,,,,,,,,,,,,,,,,,,,,,,,,,,,,,,,,,,,,,,,,,,,,,,,,,,,,,,,
2022-02-25 14:40:00,4534859.5,bid,bid,bid,bid,,bid,bid,bid,,,,,,,,,,,,,,,,,,,,,,,,,,,,,,,,,,,,,,,,,,,,,,,,,,,,,,,,
2022-02-25 14:45:00,4530733.0,,,,,,,,,,,,,,,,,,,,,,,,,,,,,,,,,,,,,,,,,,,,,,,,,,,,,,,,,bid,bid,bid,bid,,bid,bid,bid
2022-02-25 14:50:00,4536023.5,,,,,,,,,,,,,,,,,,,,,,,,,,,,,,,,,,,,,,,,,,,,,,,,,,,,,,,,,,,,,,,,
2022-02-25 14:55:00,4531311.0,,,,,,,ask,,,,,,,,,,,,,,,,ask,,,,,,,,,,,,,,,,,,,,,,,,,,,,,,,,,,,,,,,,ask,
2022-02-25 15:00:00,4510394.0,,,,,,,,,,,,,,,,,,,,,,,,,bid,bid,bid,bid,,bid,bid,bid,,,,,,,,,,,,,,,,,,,,,,,,,,,,,,,bid,
2022-02-25 15:05:00,4485481.0,,,,,,,,,,,,,,,,,,,,,,,,,,,,,,,,,,,,,,,,,,,,,,,,,,,,,,,,,,,,,,,,
2022-02-25 15:10:00,4497695.0,,,,,,,,,,,,,,,,,,,,,,,,,,,,,,,,,,,,,,,,,,,,,,,,,,,,,,,,,,,,,,,,
2022-02-25 15:15:00,4498111.0,,,,,,,,,,,,,,,,,,,,,,,,,,,,,,,,,,,,,,,,,,,,,,,,,,,,,,,,,,,,,,,,
2022-02-25 15:20:00,4526251.5,,,,,,,,,,,,,,,,,,,,,,,,,,,,,,,,,,,,,,,,,,,,,,,,,,,,,,,,,,,,,,,,
2022-02-25 15:25:00,4536525.5,,,,,,,,,,,,,,,,,,,,,,,,,,,,,,,,,,,,,,,,,,,,bid,,bid,bid,bid,,,,,,,,,,,,,,,,
2022-02-25 15:30:00,4538864.5,,,,,,,,,,,,,,,,,,,,,,,,,,,,,,,,,,,,,,,,,,,,,,,,,,,,,,,,,,,,,,,,
2022-02-25 15:35:00,4527227.5,,,,,,ask,,,,,,,,,,,,,,,,ask,,,,,,,,ask,,,,,,,,,,,,,,,,ask,,,,,,,,,,,,,,,,ask,,
2022-02-25 15:40:00,4524551.5,,,,,,,,,,,,,,,,,,,,,,,,,,,,,,,,,,,,,,,,,,,,,,,,,bid,bid,bid,bid,,bid,bid,bid,,,,,,,,
2022-02-25 15:45:00,4540886.5,,,,,,,,,,,,,,,,,,,,,,,,,,,,,,,,,,,,,,,,,,,,,,,,,,,,,,,,,,,,,,,,
2022-02-25 15:50:00,4544623.0,,,,,,,,,,,,,,,,,,,,,,,,,,,,,,,,,,,,,,,,,,,,,,bid,,,,,,,,,,,,,,,,,,
2022-02-25 15:55:00,4551032.0,,,ask,,,,,,,,,,,,,,,,ask,,,,,,,,ask,,,,,,,,,,,,,,,,ask,,,,,,,,ask,,,,,,,,ask,,,,,
2022-02-25 16:00:00,4557975.0,,,,,,,,,,,,,,,,,,,,,,,,,,,,,,,,,,,,,,,,,,,,,,,,,,,,,,,,,,,,,,,,
2022-02-25 16:05:00,4565667.5,ask,,,,,,,,,,,,,,,,ask,,,,,,,,ask,,,,,,,,,,,,,,,,ask,,,,,,,,ask,,bid,,,,,,ask,,,,,,,
2022-02-25 16:10:00,4559010.5,,,,,,,,,,,,,,,,,,,,,,,,,,,,,,,,,,,,,,,,,,,,,,,,,,,,,,,,,,,,,,,,
2022-02-25 16:15:00,4555250.0,,,,,,,,ask,,,,,,,,,,,,,,,,ask,,,,,,,,ask,,,,,,,,,,,,,,,,ask,,,,,,,,ask,,,,,,,,ask
2022-02-25 16:20:00,4557955.5,,,,,,,,,,,,,,,,,,,,,,,,,,,,,,,,,,,,,,,,,,,,,,,,,,,,,,,,,,,,,,,,
2022-02-25 16:25:00,4544726.0,,,,,,,,,,,,,,,,,,,,,,,,,,,,,,,,,,,,,,,,,,,,,,,,,,,,,,,,,,,,,,,,
2022-02-25 16:30:00,4544157.5,,,,,,,,,,,,,,,,,,,,,,,,,,,,,,,,,,,,,,,,,,,,,,,,,,,,,,,,,,,,,,,,
2022-02-25 16:35:00,4546737.0,,,,,,,,,,,,,,,,,bid,,bid,,,bid,bid,bid,,,,,,,,,,,,,,,,,,,,,,,,,,,,,,,,,,,,,,,,
2022-02-25 16:40:00,4544907.0,,,,,,,,,,,,,,,,,,,,,,,,,,,,,,,,,,,,,,,,,,,,,,,,,,,,,,,,,,,,,,,,
2022-02-25 16:45:00,4538769.0,,,,,,,,,,,,,,,,,,,,,,,ask,,,,,,,,ask,,,,,,,,,,,,,,,,ask,,,,,,,,ask,,,,,,,,ask,
2022-02-25 16:50:00,4545552.0,,,,,,,,,,,,,,,,,,,,,,,,,,,,,,,,,,,,,,,,,,,,,,,,,bid,,,,,,bid,bid,,,,,,,,
2022-02-25 16:55:00,4549059.0,,,,,,,,,,,,,,,,,,,,,,,,,,,,,,,,,,,,,,,,,,,,,,,,,,,,,,,,,,,,,,,,
2022-02-25 17:00:00,4550927.5,,,,,,,,,,,,,,,,,,,,,,,,,,,,,,,,,,,,,,,,,,,,,,,,,,,,,,,ask,,,,,,,,,
2022-02-25 17:05:00,4539640.5,,,,,,,,,,,,,,,,,,,,,,,,,,,,,,,,,,,,,,,,,,,,,,,,,,,,,,,,,,,,,,,,
2022-02-25 17:10:00,4534924.5,,,,,,,,,,,,,,,,,,,,,,,,,,,,,,,,,,,,,,,,,,,,,,,,,,,,,,,,,,,,,,,,
2022-02-25 17:15:00,4519292.0,,,,,,,,,,,,,,,,,,,,,,,,,,,,,,,,,,,,,,,,,,,,,,,,,,,,,,,,,bid,,bid,,,bid,bid,bid
2022-02-25 17:20:00,4526757.0,bid,,bid,,,bid,bid,bid,,,,,,,,,,,,,,,,,,,,,,,,,,,,,,,,,,,,,,,,,,,,,,,,,,,,,,,,
2022-02-25 17:25:00,4526995.0,,,,,,,,,,,,,,,,,,,,,,,,,,,,,,,,,,,,,,,,,,,,,,,,,,,,,,,,,,,,,,,,
2022-02-25 17:30:00,4532434.0,,,,,,,ask,,,,,,,,,,,,,,,,,,,,,,,,,,,,,,,,,,,,,,,,,,,,,,,,,,,,,,,,ask,
2022-02-25 17:35:00,4531932.0,,,,,,,,,,,,,,,,,,,,,,,,,,,,,,,,,,,,,,,,,,,,,,,,,,,,,,,,,,,,,,,,
2022-02-25 17:40:00,4531278.0,,,,,,,,,,,,,,,,,,,,,,,,,,,,,,,,,,,,,,,,,,,,,,,,,,,,,,,,,,,,,,,,
2022-02-25 17:45:00,4529743.5,,,,,,,,,,,,,,,,,,,,,,,,,,,,,,,,,,,,,,,,,,,,,,,,,,,,,,,bid,,,,,,,,,
2022-02-25 17:50:00,4518082.0,,,,,,,,,,,,,,,,,,,,,,,,,,,,,,,,,,,,,,,,,,,,,,,,,,,,,,,ask,,,,,,,,,
2022-02-25 17:55:00,4511694.0,,,,,,,,,,,,,,,,,,,,,,,,,bid,,bid,,,bid,bid,bid,,,,,,,,,,,,,,,,,,,,,,,,,,,,,,,,
2022-02-25 18:00:00,4516917.0,,,,,,,,,,,,,,,,,,,,,,,,,,,,,,,,,,,,,,,,,,,,,,,,,,,,,,,,,,,,,,,,
2022-02-25 18:05:00,4505179.0,,,,,,,,,,,,,,,,,,,,,,,,,,,,,,,,,,,,,,,,,,,,,,,,,,,,,,,,,,,,,,,bid,
2022-02-25 18:10:00,4479725.0,,,,,,,,,bid,bid,bid,bid,,bid,bid,bid,,,,,,,,,,,,,,,,,,,,,,,,,,,,,,,,,,,,,,,,,,,,,,,,
2022-02-25 18:15:00,4479466.5,,,,,,,,,,,,,,,,,,,,,,,,,,,,,,,,,,,,,,,,,,,,,,,,,,,,,,,,,,,,,,,,
2022-02-25 18:20:00,4486822.0,,,,,,,,,,,,,,,,,,,,,,,,,,,,,,,,,,,,,,,,,,,,,,,,,,,,,,,,,,,,,,,,
2022-02-25 18:25:00,4491829.0,,,,,,,,,,,,,,,,,,,,,,,,,,,,,,,,,,,,,,,,,,,,,,,,,,,,,,,,,,,,,,,,
2022-02-25 18:30:00,4492159.0,,,,,,,,,,,,,,,,,,,,,,,,,,,,,,,,,,,,,,,,,,,,,,,,,,,,,,,,,,,,,,,,
2022-02-25 18:35:00,4491699.5,,,,,,,,,,,,,,,,,,,,,,,,,,,,,,,,,,,,,,,,,,,,,,,,,,,,,,,,,,,,,,,,
2022-02-25 18:40:00,4488713.5,,,,,,,,,,,,,,,,,,,,,,,,,,,,,,,,,,,,,,,,,,,,,,,,,,,,,,,bid,,,,,,,,,
2022-02-25 18:45:00,4490829.5,,,,,,,,,,,,,,,,,,,,,,,,,,,,,,,,,,,,,,,,,,,,,,,,,,,,,,,,,,,,,,,,
2022-02-25 18:50:00,4485167.0,,,,,,,,,,,,,,,,,,,,,,,,,,,,,,,,,,,,,,,,,,,,,,,,,,,,,,,,,,,,,,,,
2022-02-25 18:55:00,4474633.5,,,,,,,,,,,,,,,,,,,,,,,,,,,,,,,,,,,,,,,,,,,,,,,,,,,,,,,,,,,,,,,,
2022-02-25 19:00:00,4473912.5,,,,,,,,,,,,,,,,,,,,,,,,,,,,,,,,,,,,,,,,,,,,,,,,,,,,,,,,,,,,,,,,
2022-02-25 19:05:00,4470959.5,,,,,,,,,,,,,,,,,,,,,,,,,,,,,,,,,,,,,,,,,,,,,,,,,,,,,,,,,,,,,,,,
2022-02-25 19:10:00,4465456.5,,,,,,,,,,,,,,,,,,,,,,,,,,,,,,,,,,,,,,,,,,,,,,,,,,,,,,,,,,,,,,,,
2022-02-25 19:15:00,4478743.0,,,,,,,,,,,,,,,,,,,,,,,,,,,,,,,,,,,,,,,,,,,,,,,,,,,,,,,,,,,,,,,,
2022-02-25 19:20:00,4488587.0,,,,,,,,,,,,,,,,,,,,,,,,,,,,,,,,,,,,,,,,,bid,,bid,,,,bid,bid,,,,,,,,,,,,,,,,
2022-02-25 19:25:00,4497259.0,,,,,,,,,,,,,,,,,,,,,,,,,,,,,,,,,,,,,,,,,,,,,,,,,,,,,,,,,,,,,,,,
2022-02-25 19:30:00,4496516.0,,,,,,,,,,,,,,,,,,,,,,,,,,,,,,,,,,,,,,,,,,,,,,,,,,,,,,,,,,,,,,,,
2022-02-25 19:35:00,4483646.0,,,,,,,,,,,,,,,,,,,,,,,,,,,,,,,,,,,,,,,,,,,,,,,,,,,,,,,,,,,,,,,,
2022-02-25 19:40:00,4485473.5,,,ask,,,,,,,,ask,,,,,,,,ask,,,,,,,,ask,,,,,,,,,,,,,,,,ask,,,,,,,,ask,,,,,,,,ask,,,,,
2022-02-25 19:45:00,4485056.5,,,,,,ask,,,,,,,,ask,,,,,,,,ask,,,,,,,,ask,,,,,,,,,,,,,,,,ask,,,,,,,,ask,,,,,,,,ask,,
2022-02-25 19:50:00,4483304.0,,,,,,,,,,,,,,,,,,,,,,,,,,,,,,,,,,,,,,,,,,,bid,,,bid,,,,,,,,,,,,,,,,,,
2022-02-25 19:55:00,4479478.5,,,,,,,,,,,,,,,,,,,,,,,,,,,,,,,,,,,,,,,,,,,,,,ask,,,,,,,,,,,,,,,,,,
2022-02-25 20:00:00,4470817.5,,,,,,,,,,,,,,,,,,,bid,,,bid,bid,,,,,,,,,,,,,,,,,,,,,,,,,,,,,,,,,,,,,,,,,
2022-02-25 20:05:00,4475406.0,,,,,,,,,,,,,,,,,,,,,,,,,,,,,,,,,,,,,,,,,,,,,,bid,,,,,bid,,,bid,,,,,,,,,,
2022-02-25 20:10:00,4476170.5,ask,,,,,,,,ask,,,,,,,,ask,,,,,,,,ask,,,,,,,,,,,,,,,,ask,,,,,,,,ask,,,,,,,,ask,,,,,,,
2022-02-25 20:15:00,4487485.0,,,,,,,,,,,,,,,,,,,,,,,,,,,,,,,,,,,,,,,,,,,,,,,,,,,,,,,,,,,,,,,,
2022-02-25 20:20:00,4484599.5,,,,,,,,,,,,,,,,,,,ask,,,,,,,,,,,,,,,,,,,,,,,,ask,,,,,,bid,,ask,,,,,,,,,,,,,
2022-02-25 20:25:00,4481870.5,bid,,bid,,,bid,bid,,,,,,,,,,,,,,,,,,,,,,,,,,,,,,,,,,,,,,,,,,,,,,,,,,,,,,,,,
2022-02-25 20:30:00,4482537.0,,,,,,ask,ask,,,,,,,,ask,,,,,,,ask,ask,,,,,,,,ask,,,,,,,,,,,,,,,ask,ask,,,,,,,ask,ask,,,,,,,,ask,
2022-02-25 20:35:00,4479615.5,,,,,,,,,,,,,,,,,,,,,,,,,,,,,,,,,,,,,,,,,,,,,,,,,,,,,,,,,,,,,,,,
2022-02-25 20:40:00,4485593.0,,,,,,,,,,,,,,,,,,,,,,,,,,,,,,,,,,,,,,,,,,,,,,,,,,,,,,,,,,,,,,,,
2022-02-25 20:45:00,4493148.5,,,,,,,,,,,,,,,,,,,,,,,,,,,,,,,,,,,,,,,,,,,,,,,,,,,bid,,,bid,bid,,,,,,,,,
2022-02-25 20:50:00,4503318.5,ask,,,ask,,,,,,,,ask,,,,,,,,ask,,,,,,,,ask,,,,,,,,,,,,,,,,ask,,,,,ask,,,ask,,,,,,,,ask,,,,
2022-02-25 20:55:00,4515594.0,,,,,,,,ask,,,,,,,,ask,,,,,,,,ask,,,,,,,,ask,,,,,,,,,,,,,,,,ask,,,,,,,,ask,,,,,,,,ask
2022-02-25 21:00:00,4516431.5,,,,,,,,,,,,,,,,,,,,,,,,,,,,,,,,,,,,,,,,,,,,,,,,,,,,,,,,,,,,,,,,
2022-02-25 21:05:00,4513005.0,,,,,,,,,,,,,,,,,,,,,,,,,,,,,,,,,,,,,,,,,,,,,,,,,,,,,,,,,,,,,,,,
2022-02-25 21:10:00,4524084.5,,,,,,,,,,,,,,,,,,,,,,,,,,,,,,,,,,,,,,,,,,,,,,,,,,,,,,,,,,,,,,,,
2022-02-25 21:15:00,4522706.0,,,,,,,,,,,,,,,,,,,,,,,,,,,,,,,,,,,,,,,,,,,,,,,,,,,,,,,,,,,,,,,,
2022-02-25 21:20:00,4519073.5,,,,,,,,,,,,,,,,,,,,,,,,,,,,,,,,,,,,,,,,,,,,,,,,,,,,,,,,,,,,,,,,
2022-02-25 21:25:00,4516851.5,,,,,,,,,,,,,,,,,,,,,,,,,,,,,,,,,,,,,,,,,,,,,,,,,,,,,,,,,,,,,,,,
2022-02-25 21:30:00,4518983.5,,ask,,,,,,,,ask,,,,,,,,ask,,,,,,,,ask,,,,,,,,,,,,,,,,ask,,,,,,,,ask,,,,,ask,,,ask,,,,,,
2022-02-25 21:35:00,4512119.0,,,,,,,,,,,,,,,,,,,,,,,,,,,,,,,,,,,,,,,,,,,,,,,,,,,,,,,,,,,,,,,,
2022-02-25 21:40:00,4512539.5,,,,,,,,,,,,,,,,,,,,,,,,,,,,,,,,,,,,,,,,,,,,,,,,,,,,,,,,,,,,,,,,
2022-02-25 21:45:00,4513066.5,,,,,,,,,,,,,,,,,,,,,,,,,,,,,,,,,,,,,,,,,,,,,,,,,,,,,,,,,,,,,,,,
2022-02-25 21:50:00,4508895.5,,,,,,,,,,,,,,,,,,,,,,,,,,,,,,,,,,,,,,,,,,,,,,,,,,,,,,,,,,,,,,,,
2022-02-25 21:55:00,4507632.0,,,,,,,,,,,,,,,,,,,,,,,,,,,,,,,,,,,,,,,,,,,,,,,,,,,,,,,,,,,,,,,,
2022-02-25 22:00:00,4503776.5,,,,,,,,,,,,,,,,,,,,,,,,,,,,,,,,,,,,,,,,,,,,,,,,,,,,,,,,,,,,,,,,
2022-02-25 22:05:00,4499066.5,,,,,,,,,,,,,,,,,,,,,,,,,,,,,,,,,,,,,,,,,,,,,,,,,,,,,,ask,,,,,,,,,,
2022-02-25 22:10:00,4502754.5,,,,,,,,,,,,,,,,,bid,bid,bid,bid,,bid,bid,bid,,,,,,,,,,,,,,,,,,,,,,,,,,,,,,,,,,,,,,,,
2022-02-25 22:15:00,4505672.5,,,,,,,,,,,,,,,,,,,,,,,,,,,,,,,,,,,,,,,,,,,,,,,,,,,,,,,,,,,,,,,,
2022-02-25 22:20:00,4500434.5,,,,,,,,,,,,,,,,,,,,,,,,,,,,,,,,,,,,,,,,,,,,,,,,,,,,,,,,,bid,bid,bid,bid,,bid,bid,bid
2022-02-25 22:25:00,4505172.0,,,,,,,,,,,,,,,,,,,,,,,ask,,,,,,,,,,,,,,,,,,,,,,,,,,,,,,,,,,,,,,,,ask,
2022-02-25 22:30:00,4501639.0,bid,bid,,bid,,bid,bid,bid,,,,,,,,,,,,,,,,,,,,,,,,,,,,,,,,,,,,,,,,,,,,,,,,,,,,,,,,
2022-02-25 22:35:00,4509195.5,,,,,,,,,,,,,,,,,,,,,,,,,,,,,,,,,,,,,,,,,,,,,,,,,,,,,,,,,,,,,,,,
2022-02-25 22:40:00,4508293.0,,,ask,,,,,,,,,,,,,,,,ask,,,,,,,,,,,,,,,,,,,,,,,,,,,,,,,,ask,,,,,,,,ask,,,,,
2022-02-25 22:45:00,4525612.5,,,,,,,,,,,,,,,,,,,,,,,,,,,,,,,,,,,,,,,,,bid,bid,bid,bid,,bid,bid,bid,,,,,,,,,,,,,,,,
2022-02-25 22:50:00,4549892.0,,,,ask,ask,,,ask,,,,,ask,,,,,,,ask,ask,,,ask,,,,,ask,,,,,,,,,,,,,,,ask,ask,,,ask,,,,,ask,,,,,,,ask,ask,,,ask
2022-02-25 22:55:00,4539441.5,,,,,,,,,,,,,,,,,,,,,,,,,,,,,,,,,,,,,,,,,,,,,,,,,,,,,,,,,,,,,,,,
2022-02-25 23:00:00,4552351.5,ask,,,,,,,,,,,,,,,,ask,,,,,,,,,,,,,,,,,,,,,,,,ask,,,,,,,,,,,,,,,,ask,,,,,,,
2022-02-25 23:05:00,4544081.0,,,,,,,ask,,,,,,,,,,,,,,,,,,,,,,,,,,,,,,,,,,,,,,,,ask,,,,,,,,,,,,,,,,,
2022-02-25 23:10:00,4539327.5,,,,,,,,,,,,,,,,,,,,,,,,,,,,,,,,,,,,,,,,,,,,,,,,,,,,,,,,,,,,,,,,
2022-02-25 23:15:00,4542949.0,,,,,,,,,,,,,,,,,,,,,,,,,,,,,,,,,,,,,,,,,,,,,,,,,,,,,,,,,,,,,,,,
2022-02-25 23:20:00,4552750.0,,,,,,,,,,,,,,,,,,,,,,,,,,,,,,,,,,,,,,,,,,,,,,,,,,,,,,,,,,,,,,,,
2022-02-25 23:25:00,4560045.0,,,,,,,,,,,,,,,,,,,,,,,,,,,,,,,,,,,,,,,,,,,,,,,,,,,,,,,,,,,,,,,,
2022-02-25 23:30:00,4563274.5,,,,,,,,,,,,,,,,,,,,,,,,,,,,,,,,,,,,,,,,,,,,,,,,,,,,,,,,,,,,,,,,
2022-02-25 23:35:00,4564033.0,,,,,,,,,,,,,,,,,,,,,,,,,,,,,,,,,,,,,,,,,,,,,,,,,,,,,,,,,,,,,,,,
2022-02-25 23:40:00,4553791.5,,,,,,,,,,,,,,,,,,,,,,,,,,,,,,,,,,,,,,,,,,,,,,,,,,,,,,,,,,,,,,,,
2022-02-25 23:45:00,4535443.0,,,,,,,,,,,,,,,,,,,,,,,,,,,,,,,,,,,,,,,,,,,,,,,,,,,,,,,,,,,,,,,,
2022-02-25 23:50:00,4530472.5,,,,,,,,,,,,,,,,,,,,,,,,,,,,,,,,,,,,,,,,,,,,,,,,,,,,,,,,,,,,,,,,
2022-02-25 23:55:00,4531496.0,,,,,,,,,,,,,,,,,,,,,,,,,,,,,,,,,,,,,,,,,,,,,,,,,,,,,,,,,,,,,,,,
2022-02-26 00:00:00,4532659.0,,,,,,ask,,,,,,,,,,,bid,,bid,bid,bid,ask,bid,bid,,,,,,,,,,,,,,,,,,,,,,ask,,,,,,,,,,,,,,,,ask,,
2022-02-26 00:05:00,4533989.0,,,,,,,,,,,,,,,,,,,,,,,,,,,,,,,,,,,,,,,,,,,,,,,,,,,,,,,,,,,,,,,,
2022-02-26 00:10:00,4538674.0,,,,,,,,,,,,,,,,,,,,,,,,,,,,,,,,,,,,,,,,,,,,,,,,,,,,,,,,,,,,,,,,
2022-02-26 00:15:00,4530478.5,,,,,,,,,,,,,,,,,,,,,,,,,,,,,,,,,,,,,,,,,,,,,,,,,,,,,,,,,,,,,,,,
2022-02-26 00:20:00,4545044.5,,,,,,,,,,,,,,,,,,,,,,,,,,,,,,,,,,,,,,,,,bid,,,bid,bid,bid,bid,bid,,,,,,,,,,,,,,,,
2022-02-26 00:25:00,4539623.5,,,,,,,,,,,,,,,,,,,,,,,,,,,,,,,,,,,,,,,,,,,,,,,,,,,,,,,,,,,,,,,,
2022-02-26 00:30:00,4546721.5,,,,,,,,,,,,,,,,,,,,,,,,,,,,,,,,,,,,,,,,,,,,,,ask,,,,,,,,,,,,,,,,,,
2022-02-26 00:35:00,4551824.0,bid,,bid,bid,bid,bid,bid,bid,,,,,,,,,,,,,,,,,,,,,,,,,,,,,,,,,,,,,,,,,,,,,,,,,,,,,,,,
2022-02-26 00:40:00,4601275.5,,,ask,ask,ask,,,,,,,,,,,,,,ask,ask,ask,,,,,,,,,,,,,,,,,,,,,,ask,ask,ask,bid,,,,,,,,,,,,,,,,,,
2022-02-26 00:45:00,4603618.5,ask,,,,,,,,,,,,,,,,ask,,,,,,,,,,,,,,,,,,,,,,,,ask,,,,,,,,,,,,,,,,,,,,,,,
2022-02-26 00:50:00,4602431.5,,,,,,,,,,,,,,,,,,,,,,,,,,,,,,,,,,,,,,,,,,,,,,,,,,,,,,,,,,,,,,,,
2022-02-26 00:55:00,4592925.5,,,,,,,,ask,,,,,,,,,,,,,,,,ask,,,,,,,,,,,,,,,,,,,,,,,,ask,,,,,,,,,,,,,,,,
2022-02-26 01:00:00,4592522.0,,,,,,,ask,,,,,,,,,,,,,,,,ask,,,,,,,,,,,,,,,,,,,,,,,,ask,,,,,,,,,,,,,,,,,
2022-02-26 01:05:00,4594671.5,,,,,,,,,,,,,,,,,,,,,,,,,,,,,,,,,,,,,,,,,,,,,,,,,,,,,,,,,,,,,,,,
2022-02-26 01:10:00,4590325.0,,,,,,,,,,,,,,,,,,,,,,,,,,,,,,,,,,,,,,,,,,,,,,,,,,,,,,,,,,,,,,,,
2022-02-26 01:15:00,4588164.5,,,,,,,,,,,,,,,,,,,,,,,,,,,,,,,,,,,,,,,,,,,,,,,,,,,,,,,,,,,,,,,,
2022-02-26 01:20:00,4592299.0,,,,,,,,,,,,,,,,,,,,,,,,,,,,,,,,,,,,,,,,,,,,,,,,,,,,,,,,,,,,,,,,
2022-02-26 01:25:00,4594456.5,,,,,,,,,,,,,,,,,,,,,,,,,,,,,,,,,,,,,,,,,,,,,,,,,,,,,,,,,,,,,,,,
2022-02-26 01:30:00,4592249.0,,,,,,,,,,,,,,,,,,,,,,,,,,,,,,,,,,,,,,,,,,,,,,,,,,,,,,,,,,,,,,,,
2022-02-26 01:35:00,4585536.5,,,,,,,,,,,,,,,,,,,,,,,,,,,,,,,,,,,,,,,,,,,,,,,,,,,,,,,,,,,,,,,,
2022-02-26 01:40:00,4583453.5,,,,,,,,,,,,,,,,,,,,,,,,,,,,,,,,,,,,,,,,,,,,,,,,,,,,,,,,,,,,,,,,
2022-02-26 01:45:00,4581978.0,,,,,,,,,,,,,,,,,bid,,bid,bid,bid,bid,bid,bid,,,,,,,,,,,,,,,,,,,,,,,,,,,,,,,,,,,,,,,,
2022-02-26 01:50:00,4585101.0,,,,,,ask,,,,,,,,,,,,,,,,ask,,,,,,,,,,,,,,,,,,,,,,,,ask,,,,,,,,,,,,,,,,,,
2022-02-26 01:55:00,4587001.0,,,,,,,,,,,,,,,,,,,,,,,,,,,,,,,,,,,,,,,,,,,,,,,,,,,,,,,,,,,,,,,,
2022-02-26 02:00:00,4586433.5,,,,,,,,,,,,,,,,,,,,,,,,,,,,,,,,,,,,,,,,,,,,,,,,,,,,,,,,,,,,,,,,
2022-02-26 02:05:00,4582796.0,,,,,,,,,,,,,,,,,,,,,,,,,,,,,,,,,,,,,,,,,,,,,,,,,,,,,,,,,,,,,,,,
2022-02-26 02:10:00,4580582.5,,,,,,,,,,,,,,,,,,,,,,,,,,,,,,,,,,,,,,,,,,,,,,,,,,,,,,,,,,,,,,,,
2022-02-26 02:15:00,4587841.5,,,,,,,,,,,,,,,,,,,,,,,,,,,,,,,,,,,,,,,,,,,,,,,,,,,,,,,,,,,,,,,,
2022-02-26 02:20:00,4586126.0,,,,,,,,,,,,,,,,,,,,,,,,,,,,,,,,,,,,,,,,,,,,,,,,,,,,,,,,,,,,,,,,
2022-02-26 02:25:00,4584845.0,,,,,,,,,,,,,,,,,,,,,,,,,,,,,,,,,,,,,,,,,,,,,,,,,,,,,,,,,,,,,,,,
2022-02-26 02:30:00,4581959.5,bid,,bid,bid,bid,bid,bid,bid,,,,,,,,,,,,,,,ask,,,,,,,,,,,,,,,,,,,,,,,,,,,,,,,,,,,,,,,,,
2022-02-26 02:35:00,4570659.5,,,,,,,,,,,,,,,,,,,,,,,,,,,,,,,,,,,,,,,,,,,,,,,,,,,,,,,,,bid,,bid,bid,bid,bid,bid,bid
2022-02-26 02:40:00,4573731.5,,,,,,,,,,,,,,,,,,,,,,,,,,,,,,,,,,,,,,,,,,,,,,,,,,,,,,,,,,,,,,,,
2022-02-26 02:45:00,4575385.0,,,,,,,,,,,,,,,,,,,,,,,,,,,,,,,,,,,,,,,,,,,,,,,,,,,,,,,,,,,,,,,,
2022-02-26 02:50:00,4580180.0,,,,,,,ask,,,,,,,,,,,,,,,,,,,,,,,,,,,,,,,,,,,,,,,,,,,,,,,,,,,,,,,,ask,
2022-02-26 02:55:00,4573743.5,,,,,,,,,,,,,,,,,,,,,,,,,,,,,,,,,,,,,,,,,,,,,,,,,,,,,,,,,,,,,,,,
2022-02-26 03:00:00,4573850.5,,,,,,,,,,,,,,,,,,,,,,,,,,,,,,,,,,,,,,,,,,,,,,,,,,,,,,,,,,,,,,,,
2022-02-26 03:05:00,4571027.5,,,,,,,,,,,,,,,,,,,,,,,,,,,,,,,,,,,,,,,,,,,,,,,,,,,,,,,,,,,,,,,,
2022-02-26 03:10:00,4569377.5,,,,,,,,,,,,,,,,,,,,,,,,,,,,,,,,,,,,,,,,,,,,,,,,,,,,,,,,,,,,,,,,
2022-02-26 03:15:00,4558613.0,,,,,,,,,,,,,,,,,,,,,,,,,bid,bid,bid,bid,bid,bid,bid,bid,,,,,,,,,,,,,,,,,,,,,,,,,,,,,,,bid,
2022-02-26 03:20:00,4557550.0,,,,,,,,,,,,,,,,,,,,,,,,,,,,,,,,,,,,,,,,,,,,,,,,,,,,,,,,,,,,,,,,
2022-02-26 03:25:00,4554827.5,,,,,,,,,,,,,,,,,,,,,,,,,,,,,,,,,,,,,,,,,,,,,,,,,,,,,,,,,,,,,,,,
2022-02-26 03:30:00,4554558.0,,,,,,,,,,,,,,,,,,,,,,,,,,,,,,,,,,,,,,,,,,,,,,,,,,,,,,,,,,,,,,,,
2022-02-26 03:35:00,4553141.5,,,,,,,,,,,,,,,,,,,,,,,,,,,,,,,,,,,,,,,,,,,,,,,,,,,,,,,,,,,,,,,,
2022-02-26 03:40:00,4553788.5,,,,,,,,,,,,,,,,,,,,,,,,,,,,,,,,,,,,,,,,,,,,,,,,,,,,,,,,,,,,,,,,
2022-02-26 03:45:00,4556861.0,,,,,,,,,,,,,,,,,,,,,,,,,,,,,,,,,,,,,,,,,,,,,,,,,bid,bid,bid,bid,bid,bid,bid,bid,,,,,,,,
2022-02-26 03:50:00,4557431.5,,,,,,,,,,,,,,,,,,,,,,,,,,,,,,,,,,,,,,,,,,,,,,,,,,,,,,,,,,,,,,,,
2022-02-26 03:55:00,4555094.5,,,,,,,,,,,,,,,,,,,,,,,,,,,,,,,,,,,,,,,,,,,,,,,,,,,,,,,,,,,,,,,,
2022-02-26 04:00:00,4555732.5,,,,,,,,,,,,,,,,,,,,,,,,,,,,,,,,,,,,,,,,,,,,,,,,,,,,,,,,,,,,,,,,
2022-02-26 04:05:00,4557691.5,,,,,,,,,,,,,,,,,,,,,,,,,,,,,,,,,,,,,,,,,,,,,,,,,,,,,,,,,,,,,,,,
2022-02-26 04:10:00,4558676.0,,,,,,,,,,,,,,,,,,,,,,,,,,,,,,,,,,,,,,,,,,,,,,,,,,,,,,,,,,,,,,,,
2022-02-26 04:15:00,4552031.0,,,,,,,,,,,,,,,,,,,,,,,,,,,,,,,,,,,,,,,,,,,,,,,,,,,,,,,,,,,,,,,,
2022-02-26 04:20:00,4548779.5,,,,,,,,,,,,,,,,,,,,,,,,,,,,,,,,,,,,,,,,,,,,,,,,,,,,,,,,,,,,,,,,
2022-02-26 04:25:00,4553871.5,,,,,,,,,,,,,,,,,,,,,,,,,,,,,,,,,,,,,,,,,,,,,,,,,,,,,,,,,,,,,,,,
2022-02-26 04:30:00,4553185.5,,,,,,,,,bid,bid,bid,bid,bid,bid,bid,bid,,,,,,,,,,,,,,,,,,,,,,,,,,,,,,,,,,,,,,,,,,,,,,,,
2022-02-26 04:35:00,4556312.0,,,,,,,,,,,,,,,,,,,,,,,,,,,,,,,,,,,,,,,,,bid,,bid,bid,bid,bid,bid,bid,,,,,,,,,,,,,,,,
2022-02-26 04:40:00,4556089.5,,,,,,,,,,,,,,,,,,,,,,,,,,,,,,,,,,,,,,,,,,,,,,,,,,,,,,,,,,,,,,,,
2022-02-26 04:45:00,4553738.0,,,,,,,,,,,,,,,,,,,,,,,,,,,,,,,,,,,,,,,,,,,,,,,,,,,,,,,,,,,,,,,,
2022-02-26 04:50:00,4559783.5,,,,,,,,,,,,,,,,,,,,,,,,,,,,,,,,,,,,,,,,,,,,,,,,,,,,,,,,,,,,,,,,
2022-02-26 04:55:00,4553555.5,,,,,,,,,,,,,,,,,,,,,,,,,,,,,,,,,,,,,,,,,,,,,,,,,,,,,,,,,,,,,,,,
2022-02-26 05:00:00,4551854.0,,,,,,ask,,,,,,,,ask,,,,,,,,,,,,,,,,ask,,,,,,,,,,,,,,,,ask,,,,,,,,ask,,,,,,,,ask,,
2022-02-26 05:05:00,4549923.0,,,,,,,,,,,,,,,,,,,,,,,,,,,,,,,,,,,,,,,,,,,,,,,,,,,,,,bid,,,,,,,,,,
2022-02-26 05:10:00,4551279.0,,,,,,,,,,,,,,,,,,,,,,,,,,,,,,,,,,,,,,,,,,,,,,,,,,,,,,,,,,,,,,,,
2022-02-26 05:15:00,4551492.0,,,,,,,,,,,,,,,,,,,,,,,,,,,,,,,,,,,,,,,,,,,,,,,,,,,,,,,,,,,,,,,,
2022-02-26 05:20:00,4546327.0,,,,,,,,,,,,,,,,,,,,,,,,,,,,,,bid,,,,,,,,,,,,,,,,,,,,,,,,,,,,,,,,,,
2022-02-26 05:25:00,4534507.5,,,,,,,,,,,,,,,,,,,,,,,,,,,,,,,,,bid,bid,bid,bid,bid,bid,bid,bid,,,,,,,,,,,,,,,,,,,,,,,,
2022-02-26 05:30:00,4537826.5,,,,,,,,,,,,,,,,,,,,,,,,,,,,,,,,,,,,,,,,,,,,,,,,,,,,,,,,,,,,,,,,
2022-02-26 05:35:00,4529759.5,,,,,,,,,,,,,,,,,,,,,,,,,,,,,,,,,,,,,,,,,,,,,,,,,,,,,,,,,,,,,,bid,,
2022-02-26 05:40:00,4531060.0,,,,,,,,,,,,,,,,,,,,,,,,,,,,,,,,,,,,,,,,,,,,,,,,,,,,,,,,,,,,,,,,
2022-02-26 05:45:00,4521589.0,,,,,,,,,,,,,,,,,,,,,,,,,,,,,,,,,,,,,,,,,,,,,,,,,,,,,,,,,,,,,,,,
2022-02-26 05:50:00,4524737.0,,,,,,,,,,,,,,,,,,,,,,,,,,,,,,,,,,,,,,,,,,,,,,,,,,,,,,,,,,,,,,,,
2022-02-26 05:55:00,4513081.5,,,,,,,,,,,,,,,,,,,,,,,,,,,,,,,,,,,,,,,,,,,,,,,,,,,,,,,,,,,,,,,,
2022-02-26 06:00:00,4514727.0,,,,,,,,,,,,,,,,,,,,,,,,,,,,,,,,,,,,,,,,,,,,,,,,,,,,,,,,,,,,,,,,
2022-02-26 06:05:00,4519990.0,,,,,,,,,,,,,,,,,,,,,,,,,,,,,,,,,,,,,,,,,,,,,,,,,,,,,,,,,,,,,,,,
2022-02-26 06:10:00,4520908.0,,,,,,,,,,,,,,,,,,,,,,,,,,,,,,,,,,,,,,,,,,,,,,,,,,,,,,,,,,,,,,,,
2022-02-26 06:15:00,4520058.0,,,,,,,,,,,,,,,,,,,,,,,,,,,,,,,,,,,,,,,,,,,,,,,,,,,,,,,,,,,,,,,,
2022-02-26 06:20:00,4517609.0,,,,,,,,,,,,,,,,,,,,,,,,,,,,,,,,,,,,,,,,,,,,,,,,,,,,,,,,,,,,,,,,
2022-02-26 06:25:00,4526478.0,,,,,,,,,,,,,,,,,,,,,,,,,,,,,,,,,,,,,,,,,,,,,,,,,,,,,,,,,,,,,,,,
2022-02-26 06:30:00,4523823.0,,,,,,,,,,,,,,,,,,,,,,,,,,,,,,,,,,,,,,,,,,,,,,,,,,,,,,,,,,,,,,,,
2022-02-26 06:35:00,4522540.5,,,,,,,,,,,,,,,,,,,,,,,,,,,,,,,,,,,,,,,,,,,,,,,,,,,,,,,,,,,,,,,,
2022-02-26 06:40:00,4525483.5,,,,,,,,,,,,,,,,,,,,,,,,,,,,,,,,,,,,,,,,,,,,,,,,,,,,,,,,,,,,,,,,
2022-02-26 06:45:00,4528648.5,,,,,,,,,,,,,,,,,,,,,,,,,,,,,,,,,,,,,,,,,,,,,,,,,,,,,,,,,,,,,,,,
2022-02-26 06:50:00,4529122.5,,,ask,,,,,,,,ask,,,,,,,,ask,,,,,,,,ask,,,,,,,,ask,,,,,,,,ask,,,bid,,,,,ask,,,,,,,,ask,,,,,
2022-02-26 06:55:00,4525261.5,,,,,,,,,,,,,,,,,,,,,,,,,,,,,,,,,,,,,,,,,,,,,,,,,,,,,,,,,,,,,,,,
2022-02-26 07:00:00,4524084.5,,,,,,,,,,,,,,,,,,,,,,,,,,,,,,,,,,,,,,,,,,,,,,,,,,,,,,,,,,,,,,,,
2022-02-26 07:05:00,4520441.0,,,,,,,,,,,,,,,,,,,,,,,,,,,,,,,,,,,,,,,,,,,,,,,,,,,,,,,,,,,,,,,,
2022-02-26 07:10:00,4516480.5,,,,,,,,,,,,,,,,,,,,,,,,,,,,,,,,,,,,,,,,,,,,,,,,,,,,,,,,,,,,,,,,
2022-02-26 07:15:00,4509570.0,,,,,,,,,,,,,,,,,,,bid,,,bid,bid,,,,,,,ask,,,,,,,,ask,,,,,,,,ask,,,,,,,,ask,,,,,,,,ask,,
2022-02-26 07:20:00,4515096.5,,,,,,,,,,,,,,,,,,,,,,,,,,,,,,,,,,,,,,,,,,,,,,,,,,,,,,,,,,,,,,,,
2022-02-26 07:25:00,4521544.0,,,,,,,,,,,,,,,,,,,,,,,,,,,,,,,,,,,,,,,,,,,bid,,,bid,,,,,bid,,,bid,,,,,,,,,,
2022-02-26 07:30:00,4520100.5,,,,,,,,,,,,,,,,,,,,,,,,,,,,,,,,,,,,,,,,,,,,,,,,,,,,,,,,,,,,,,,,
2022-02-26 07:35:00,4516997.5,,,,,,,,,,,,,,,,,,,,,,ask,,,,,,,,,,,,,,,,,,,,,,,,ask,,,,,,,,ask,,,,,,,,,,
2022-02-26 07:40:00,4521893.0,,,,,,,,,,,,,,,,,,,ask,,,,,,,,,,,,,,,,,,,,,,,,ask,,,,,,,,ask,,,,,,,,,,,,,
2022-02-26 07:45:00,4521885.5,,,,,,,,,,,,,,,,,,,,,,,,,,,,,,,,,,,,,,,,,,,,,,,,,,,,,,,,,,,,,,,,
2022-02-26 07:50:00,4523696.5,,,,,,,,,,,,,,,,,,,,,,,,,,,,,,,,,,,,,,,,,,,,,,,,,,,,,,,,,,,,,,,,
2022-02-26 07:55:00,4526705.5,,,,,,,,,,,,,,,,,,,,,,,,,,,,,,,,,,,,,,,,,,,,,,,,,,,bid,,,bid,,,,,,,,,,
2022-02-26 08:00:00,4530277.0,,,,,,,,,,,,,,,,,,,,,,,,,,,,,,,,,,,,,,,,,,,,,,,,,,,,,,,,,,,,,,,,
2022-02-26 08:05:00,4528487.5,,,,,,,,,,,,,,,,,,,,,,,,,,,,,,,,,,,,,,,,,,,,,,,,,,,,,,,,,,,,,,,,
2022-02-26 08:10:00,4529421.5,,,,,,,,,,,,,,,,,,,,,,,,,,,,,,,,,,,,,,,,,,,,,,,,,,,,,,,,,,,,,,,,
2022-02-26 08:15:00,4540430.0,ask,,,ask,,,,,ask,,,ask,,,,,ask,,,ask,,,,,ask,,,ask,,,,,ask,,,ask,,,,,ask,,,ask,,,,,ask,,,ask,,,,,ask,,,ask,,,,
2022-02-26 08:20:00,4555253.0,,,,,ask,,,ask,,,,,ask,,,ask,,,,,ask,,,ask,,,,,ask,,,ask,,,,,ask,,,ask,,,,,ask,,,ask,,,,,ask,,,ask,,,,,ask,,,ask
2022-02-26 08:25:00,4546564.0,,,,,,,,,,,,,,,,,,,,,,,,,,,,,,,,,,,,,,,,,,,,,,,,,,,,,,,,,,,,,,,,
2022-02-26 08:30:00,4545306.0,,,,,,,,,,,,,,,,,,,,,,,,,,,,,,,,,,,,,,,,,,,,,,,,,,,,,,,,,,,,,,,,
2022-02-26 08:35:00,4543130.5,,,,,,,,,,,,,,,,,,,,,,,,,,,,,,,,,,,,,,,,,,,,,,,,,,,,,,,,,,,,,,,,
2022-02-26 08:40:00,4532130.5,,,,,,,,,,,,,,,ask,,,,,,,,ask,,,,,,,,ask,,,,,,,,ask,,,,,,,,ask,,,,,,,,ask,,,,,,,,ask,
2022-02-26 08:45:00,4513468.0,,,,,,,,,,,,,,,,,,,,,,,,,,,,,,,,,,,,,,,,,,,,,,,,,,,,,,,,,,,,,,,,
2022-02-26 08:50:00,4492541.5,,,,,,,,,,,,,,,,,bid,,bid,bid,bid,bid,bid,bid,bid,,bid,bid,bid,bid,bid,bid,,,,,,,,,,,,,,,,,,,,,,ask,,,,,,,,,,
2022-02-26 08:55:00,4487133.5,,,,,,,,,,,,,,,,,,,,,,,,,,,,,,,,,,,,,,,,,,,,,,,,,,,,,,,,,,,,,,,,
2022-02-26 09:00:00,4487355.5,,,,,,,,,,,,,,,,,,,,,,,,,,,,,,,,,,,,,,,,,,,,,,,,,,,,,,,,,,,,,,,,
2022-02-26 09:05:00,4487985.0,,,,,,,,,,,,,,,,,,,,,,,,,,,,,,,,,,,,,,,,,,,,,,,,,,,,,,,,,,,,,,,,
2022-02-26 09:10:00,4487322.5,bid,,bid,bid,bid,bid,bid,bid,,,,,,,,,,,,,,,,,,,,,,,,,,,,,,,,,,,,,,,,,,,,,,,,,bid,,bid,bid,bid,bid,bid,bid
2022-02-26 09:15:00,4475933.0,,,,,,,,,,,,,,,,,,,,,,,,,,,,,,,,,,,,,,,,,,,,,,,,,,,,,,,,,,,,,,,,
2022-02-26 09:20:00,4485759.0,,,,,,,,,,,,,,,,,,,,,,,,,,,,,,,,,,,,,,,,,,,,,,,,,,,,,,,,,,,,,,,,
2022-02-26 09:25:00,4493416.5,,,,,,,,,,,,,,,,,,,,,,,,,,,,,,,,,,,,,,,,,,,,,,,,,bid,,,bid,bid,bid,bid,bid,,,,,,,,
2022-02-26 09:30:00,4488916.0,,,,,,,,,,,,,,,,,,,,,,,,,,,,,,,,,,,,,,,,,,,,,,,,,,,,,,,,,,,,,,,,
2022-02-26 09:35:00,4490356.0,,,,,,,,,,,,,,,,,,,,,,,,,,,,,,,,,,,,,,,,,,,,,,,,,,,,,,,,,,,,,,,,
2022-02-26 09:40:00,4492595.5,,,,,,,,,,,,,,,,,,,,,,,,,,,,,,,,,,,,,,,,,,,,,,,,,,,,,,,,,,,,,,,,
2022-02-26 09:45:00,4492351.5,,,,,,,,,,,,,,,,,,,,,,,,,,,,,,,,,,,,,,,,,,,,,,,,,,,,,,,,,,,,,,,,
2022-02-26 09:50:00,4486959.0,,,,,,,,,,,,,,,,,,,,,,,,,,,,,,,,,,,,,,,,,,,,,,,,,,,,,,,,,,,,,,,,
2022-02-26 09:55:00,4481796.0,,,,,,,,,,,,,,,,,,,,,,,,,,,,,,,,,,,,,,,,,,,,,,,,,,,,,,,,,,,,,,,,
2022-02-26 10:00:00,4485141.0,,,,,,,,,,,,,,,,,,,,,,,,,,,,,,,,,,,,,,,,,,,,,,,,,,,,,,,,,,,,,,,,
2022-02-26 10:05:00,4494507.5,,,,,,,,,,,,,,,,,,,,,,,,,,,,,,,,,,,,,,,,,bid,,bid,bid,bid,bid,bid,bid,,,,,,,,,,,,,,,,
2022-02-26 10:10:00,4499749.5,,,ask,,,,,,,,,,,,,,,,ask,,,,,,,,ask,,,,,,,,,,,,,,,,ask,,,,,,,,ask,,,,,,,,ask,,,,,
2022-02-26 10:15:00,4499187.5,,,,,,,,,,,,,,,,,,,,,,,,,,,,,,,,,,,,,,,,,,,,,,,,,,,bid,,,,,,,,,,,,,
2022-02-26 10:20:00,4505613.5,,,,,,,,,,,,,,,,,,,,,,,,,,,,,,,,,,,,,,,,,,,,,,,,,,,,,,,,,,,,,,,,
2022-02-26 10:25:00,4501466.0,,,,,,,,,,,,,,,,,,,,,,,,,,,,,,,,,,,,,,,,,,,,,,,,,,,,,,,,,,,,,,,,
2022-02-26 10:30:00,4504169.5,,,,,,,,,,,,,,,,,,,,,,,,,,,,,,,,,,,,,,,,,,,,,,,,,,,,,,,,,,,,,,,,
2022-02-26 10:35:00,4504827.5,,,,,,,,,,,,,,,,,,,,,,,,,,,,,,,,,,,,,,,,,,,,,,,,,,,,,,,,,,,,,,,,
2022-02-26 10:40:00,4501309.0,ask,,,,,,,,,,,,,,,,ask,,,,,,,,ask,,,,,,,,,,,,,,,,ask,,,,,,,,ask,,,,,,,,ask,,,,,,,
2022-02-26 10:45:00,4504151.0,,,,,,,,,,,,,,,,,,,,,,,,,,,,,,,,,,,,,,,,,,,,,,,,,,,,,,,,,,,,,,,,
2022-02-26 10:50:00,4506050.5,,,,,,,,,,,,,,,,,,,,,,,,,,,,,,,,,,,,,,,,,,,,,,,,,bid,,,,,,,,,,,,,,,
2022-02-26 10:55:00,4510440.0,,,,,,,,,,,,,,,,,,,,,,,,,,,,,,,,,,,,,,,,,,,,,,,,,,,,,,,,,,,,,,,,
2022-02-26 11:00:00,4510015.5,,,,,,,,ask,,,,,,,,,,,,,,,,ask,,,,,,,,ask,,,,,,,,,,,,,,,,ask,,,,,,,,ask,,,,,,,,ask
2022-02-26 11:05:00,4504982.0,,,,,,,,,,,,,,,,,,,,,,,,,,,,,,,,,,,,,,,,,,,,,,,,,,,,,,,,,,,,,,,,
2022-02-26 11:10:00,4498973.0,,,,,,,,,,,,,,,,,,,,,,,,,,,,,,,,,,,,,,,,,,,,,,,,,,,,,,,,,,,,,,,,
2022-02-26 11:15:00,4495351.0,,,,,,ask,,,,,,,,,,,,,,,,ask,,,,,,,,ask,,,,,,,,,,,,,,,,ask,,,,,,,,ask,,,,,,,,ask,,
2022-02-26 11:20:00,4503148.5,,,,,,,,,,,,,,,,,,,,,,,,,,,,,,,,,,,,,,,,,,,,,,,,,,,,,,,,,,,,,,,,
2022-02-26 11:25:00,4502345.5,,,,,,,,,,,,,,,,,,,,,,,,,,,,,,,,,,,,,,,,,,,,,,,,,,,,,,,,,,,,,,,,
2022-02-26 11:30:00,4506016.0,,,,,,,,,,,,,,,,,,,,,,,,,,,,,,,,,,,,,,,,,,,,,,,,,,,,,,,,,,,,,,,,
2022-02-26 11:35:00,4502091.0,,,,,,,ask,,,,,,,,,,,,,,,,ask,,,,,,,,ask,,,,,,,,,,,,,,,,ask,,,,,,,,ask,,,,,,,,ask,
2022-02-26 11:40:00,4505554.0,,,,,,,,,,,,,,,,,,,,,,,,,,,,,,,,,,,,,,,,,,,,,,,,,,,,,,,,,,,,,,,,
2022-02-26 11:45:00,4514236.5,,,,,,,,,,,,,,,,,,,,,,,,,,,,,,,,,,,,,,,,,bid,,bid,,,bid,bid,bid,,,,,,,,,,,,,,,,
2022-02-26 11:50:00,4502268.5,,,,,,,,,,,,,,,,,,,,,,,,,,,,,,,,,,,,,,,,,,,,,,,ask,,,,,,,,,,,,,,,,,
2022-02-26 11:55:00,4500713.0,,,,,,,,,,,,,,,,,,,,,,,,,,,,,,,,,,,,,,,,,,,,,,,,,,,,,,,,,,,,,,,,
2022-02-26 12:00:00,4502963.0,,,,,,,,,,,,,,,,,,,,,,,,,,,,,,,,,,,,,,,,,,,,,,,,,,,,,,,,,,,,,,,,
2022-02-26 12:05:00,4494884.0,bid,,bid,,,bid,bid,bid,,,,,,,,,,,,,,,,,,,,,,,,,,,,,,,,,,,,,,,,,,,,,,,,,,,,,,,,
2022-02-26 12:10:00,4496959.0,,,,,,,,,,,,,,,,,,,,,,,,,,,,,,,,,,,,,,,,,,,,,,,,,,,,,,,,,,,,,,,,
2022-02-26 12:15:00,4502405.0,,,,,,,,,,,,,,,,,,,,,,,,,,,,,,,,,,,,,,,,,,,,,,,,,,,,,,,,,,,,,,,,
2022-02-26 12:20:00,4498962.5,,,,,,,ask,,,,,,,,,,,,,,,,,,,,,,,,,,,,,,,,,,,,,,,,,,,,,,,,,,,,,,,,,
2022-02-26 12:25:00,4495450.5,,,,,,,,,,,,,,,,,,,,,,,,,,,,,,,,,,,,,,,,,,,,,,,,,,,,,,,,,,,,,,,,
2022-02-26 12:30:00,4492163.5,,,,,,,,,,,,,,,,,bid,,bid,,,bid,bid,bid,,,,,,,,,,,,,,,,,,,,,,,,,,,,,,,,,,,,,,,,
2022-02-26 12:35:00,4494609.5,,,,,,,,,,,,,,,,,,,,,,,,,,,,,,,,,,,,,,,,,,,,,,,,,,,,,,,,,,,,,,,,
2022-02-26 12:40:00,4498602.5,,,,,,,,,,,,,,,,,,,,,,,,,,,,,,,,,,,,,,,,,,,,,,,,,,,,,,,,,,,,,,,,
2022-02-26 12:45:00,4497839.0,,,,,,,,,,,,,,,,,,,,,,,,,,,,,,,,,,,,,,,,,,,,,,,,,,,,,,,,,,,,,,,,
2022-02-26 12:50:00,4498560.5,,,ask,,,,,,,,,,,,,,,,ask,,,,,,,,,,,,,,,,,,,,,,,,ask,,,,,,,,ask,,,,,,,,,,,,,
2022-02-26 12:55:00,4505216.5,,,,,,,,,,,,,,,,,,,,,,,,,,,,,,,,,,,,,,,,,,,,,,,,,,,bid,,,bid,bid,bid,,,,,,,,
2022-02-26 13:00:00,4506713.0,,,,,,,,,,,,,,,,,,,,,,,,,,,,,,,,,,,,,,,,,,,,,,,,,,,,,,,,,,,,,,,,
2022-02-26 13:05:00,4503441.0,,,,,,,,,,,,,,,,,,,,,,,ask,,,,,,,,,,,,,,,,,,,,,,,,,,,,,,,,ask,,,,,,,,,
2022-02-26 13:10:00,4508933.5,,,,,,,,,,,,,,,,,,,,,,,,,,,,,,,,,,,,,,,,,,,,,,,,,,,,,,,bid,,,,,,,,,
2022-02-26 13:15:00,4521296.5,,,,ask,,,,ask,,,,,,,,,,,,ask,,,,ask,,,,ask,,,,,,,,,,,,,,,,ask,,,,ask,,,,ask,,,,ask,,,,ask,,,,
2022-02-26 13:20:00,4521685.0,ask,,,,,,,,,,,,,,,,ask,,,,,,,,,,,,,,,,,,,,,,,,ask,,,,,,,,ask,,,,,,,,,,,,,,,
2022-02-26 13:25:00,4521193.0,,,,,,,,,,,,,,,,,,,,,,,,,,,,,,,,,,,,,,,,,,,,,,,,,,,,,,,,,,,,,,,,
2022-02-26 13:30:00,4519651.5,,ask,,,,,,,,ask,,,,,,,,ask,,,,,,,,ask,,,,,,,,ask,,,,,,,,ask,,,,,,,,ask,,,,,,,,ask,,,,,,
2022-02-26 13:35:00,4518397.5,,,,,,,,,,,,,,,,,,,,,,,,,,,,,,,,,,,,,,,,,,,,,,,,,,,,,,,,,,,,,,,,
2022-02-26 13:40:00,4520259.5,,,,,,,,,,,,,,,,,,,,,,,,,,,,,,,,,,,,,,,,,,,,,,,,,,,,,,,,,,,,,,,,
2022-02-26 13:45:00,4527652.5,,,,,,,,,,,,,,,,,,,,,,,,,,,,,,,,,,,,,,,,,,,,,,,,,,,,,,,,,,,,,,,,
2022-02-26 13:50:00,4516295.5,,,,,,,,,,,,,,,,,,,,,,,,,,,,,,,,,,,,,,,,,,,,,,,,,,,,,,,ask,,,,,,,,,
2022-02-26 13:55:00,4516538.5,,,,,,,,,,,,,,,,,,,,,,,,,,,,,,,,,,,,,,,,,,,,,,,,,,,,,,,,,,,,,,,,
2022-02-26 14:00:00,4518300.0,,,,,,,,,,,,,,,,,,,,,,,,,,,,,,,,,,,,,,,,,,,,,,,,,,,,,,,,,,,,,,,,
2022-02-26 14:05:00,4522871.0,,,,,,,,,,,,,,,,,,,,,,,,,,,,,,,,,,,,,,,,,,,,,,,,,,,,,,,,,,,,,,,,
2022-02-26 14:10:00,4519961.5,,,,,,,,,,,,,,,,,,,,,,,,,,,,,,,,,,,,,,,,,,,,,,,,,,,,,,,,,,,,,,,,
2022-02-26 14:15:00,4514900.0,,,,,,,,,,,,,,,,,,,,,,,,,,,,,,,,,,,,,,,,,,,,,,,,,,,,,,,,,,,,,,,,
2022-02-26 14:20:00,4517006.0,,,,,,,,,,,,,,,,,,,,,,,,,,,,,,,,,,,,,,,,,,,,,,,,,,,,,,,,,,,,,,,,
2022-02-26 14:25:00,4520072.0,,,,,,,,,,,,,,,,,,,,,,,,,,,,,,,,,,,,,,,,,,,,,,,,,,,,,,,,,,,,,,,,
2022-02-26 14:30:00,4522584.5,,,,,,,,,,,,,,,,,,,,,,,,,,,,,,,,,,,,,,,,,,,,,,,,,,,,,,,,,,,,,,,,
2022-02-26 14:35:00,4535493.5,,,,,,,,,,,,,,,,,,,,,,,,,,,,,,,,,,,,,,,,,,,,,,,,,,,,,,,,,,,,,,,,
2022-02-26 14:40:00,4532568.0,,,,,,,,,,,,,,,,,,,,,,,,,,,,,,,,,,,,,,,,,,,,,,,,,,,,,,,,,,,,,,,,
2022-02-26 14:45:00,4523462.0,,,,,,,,,,,,,,,,,,,,,,,,,,,,,,,,,,,,,,,,,,,,,,,,,,,,,,,,,,,,,,,,
2022-02-26 14:50:00,4523623.5,,,,,,,,,,,,,,,,,,,,,,,,,,,,,,,,,,,,,,,,,,,,,,,,,,,,,,,,,,,,,,,,
2022-02-26 14:55:00,4529431.5,,,,,,,,,,,,,,,,,,,,,,,,,,,,,,,,,,,,,,,,,,,,,,,,,,,,,,,,,,,,,,,,
2022-02-26 15:00:00,4531606.5,,,,,,,,,,,,,,,,,,,,,,,,,,,,,,,,,,,,,,,,,,,,,,,,,,,,,,,,,,,,,,,,
2022-02-26 15:05:00,4535110.0,,,,,,,,,,,,,,,,,,,,,,,,,,,,,,,,,,,,,,,,,,,,,,,,,,,,,,,,,,,,,,,,
2022-02-26 15:10:00,4538511.5,,,,,,,,,,,,,,,,,,,,,,,,,,,,,,,,,,,,,,,,,,,,,,,,,,,,,,,,,,,,,,,,
2022-02-26 15:15:00,4530569.0,,,,,,,,,,,,,,,,,,,,,,,,,,,,,,,,,,,,,,,,,,,,,,,,,,,,,,,,,,,,,,,,
2022-02-26 15:20:00,4534373.0,,,,,,,,,,,,,,,,,,,,,,,,,,,,,,,,,,,,,,,,,,,,,,,,,,,,,,,,,,,,,,,,
2022-02-26 15:25:00,4536510.5,,,,,,,,,,,,,,,,,,,,,,,,,,,,,,,,,,,,,,,,,,,,,,,,,,,,,,,,,,,,,,,,
2022-02-26 15:30:00,4537078.0,,,,,,,,,,,,,,,,,,,,,,,,,,,,,,,,,,,,,,,,,,,,,,,,,,,,,,,,,,,,,,,,
2022-02-26 15:35:00,4539521.5,,,,,,,,,,,,,,,,,,,,,,,,,,,,,,,,,,,,,,,,,,,,,,,,,,,,,,,,,,,,,,,,
2022-02-26 15:40:00,4542204.5,,,,,,,,,,,,,,,,,,,,,,,,,,,,,,,,,,,,,,,,,,,,,,,,,,,,,,,,,,,,,,,,
2022-02-26 15:45:00,4537385.5,,,,,,,,,,,,,,,,,,,,,,,,,,,,,,,,,,,,,,,,,,,,,,,,,,,,,,,,,,,,,,,,
2022-02-26 15:50:00,4537195.5,,,,,,,,,,,,,,,,,,,,,,,,,,,,,,,,,,,,,,,,,,,,,,,,,,,,,,,,,,,,,,,,
2022-02-26 15:55:00,4535843.0,,,,,,,,,,,,,,,,,,,,,,,,,,,,,,,,,,,,,,,,,,,,,,,,,,,,,,,,,,,,,,,,
2022-02-26 16:00:00,4533683.5,,,,,,,,,,,,,,,,,,,,,,,,,,,,,,,,,,,,,,,,,,,,,,,,,,,,,,,,,,,,,,,,
2022-02-26 16:05:00,4538597.0,,,,,,,,,,,,,,,,,,,,,,,,,,,,,,,,,,,,,,,,,,,,,,,,,,,,,,,,,,,,,,,,
2022-02-26 16:10:00,4541249.5,,,,,,,,,,,,,,,,,,,,,,,,,,,,,,,,,,,,,,,,,,,,,,,,,,,,,,,,,,,,,,,,
2022-02-26 16:15:00,4536573.5,,,,,,,,,,,,,,,,,,,,,,,,,,,,,,,,,,,,,,,,,,,,,,,,,,,,,,,,,,,,,,,,
2022-02-26 16:20:00,4534435.5,,,,,,ask,,,,,,,,,,,bid,bid,bid,bid,,ask,bid,bid,,,,,,,,,,,,,,,,,,,,,,ask,,,,,,,,ask,,,,,,,,,,
2022-02-26 16:25:00,4531487.0,,,,,,,,,,,,,,,,,,,,,,,,,,,,,,,,,,,,,,,,,,,,,,,,,,,,,,,,,,,,,,,,
2022-02-26 16:30:00,4530791.0,,,,,,,,,,,,,,,,,,,,,,,,,,,,,,,,,,,,,,,,,,,,,,,,,,,,,,,,,,,,,,,,
2022-02-26 16:35:00,4520569.0,,,,,,,,,,,,,,,,,,,,,,,,,bid,bid,bid,bid,,bid,bid,bid,,,,,,,,,,,,,,,,,,,,,,,,,,,,,,,,
2022-02-26 16:40:00,4521390.0,bid,bid,bid,bid,,bid,bid,bid,,,,,,,,,,,,,,,ask,,,,,,,,ask,,,,,,,,,,,,,,,,,,,,,,,,,,,,,,,,,
2022-02-26 16:45:00,4520716.5,,,,,,,,,,,,,,,,,,,,,,,,,,,,,,,,,,,,,,,,,,,,,,,,,,,,,,,,,bid,bid,bid,bid,,bid,bid,bid
2022-02-26 16:50:00,4526680.0,,,,,,,,,,,,,,,,,,,,,,,,,,,,,,,,,,,,,,,,,,,,,,,,,,,,,,,,,,,,,,,,
2022-02-26 16:55:00,4526516.0,,,,,,,,,,,,,,,,,,,,,,,,,,,,,,,,,,,,,,,,,,,,,,,,,bid,bid,,bid,,bid,bid,bid,,,,,,,,
2022-02-26 17:00:00,4523832.0,,,,,,,,,,,,,,,,,,,,,,,,,,,,,,,,,,,,,,,,,,,,,,,,,,,,,,,,,,,,,,,,
2022-02-26 17:05:00,4522264.0,,,,,,,ask,,,,,,,,,,,,,,,,,,,,,,,,,,,,,,,,,,,,,,,,,,,,,,,,ask,,,,,,,,ask,
2022-02-26 17:10:00,4525666.0,,,,,,,,,,,,,,,,,,,,,,,,,,,,,,,,,,,,,,,,,,,,,,,,,,,,,,,,,,,,,,,,
2022-02-26 17:15:00,4527509.0,,,,,,,,,,,,,,,,,,,,,,,,,,,,,,,,,,,,,,,,,,,,,,,,,,,,,,,,,,,,,,,,
2022-02-26 17:20:00,4529993.0,,,,,,,,,,,,,,,,,,,,,,,,,,,,,,,,,,,,,,,,,,,,,,,,,,,,,,,,,,,,,,,,
2022-02-26 17:25:00,4530405.0,,,,,,,,,,,,,,,,,,,,,,,,,,,,,,,,,,,,,,,,,,,,,,,,,,,,,,,bid,,,,,,,,,
2022-02-26 17:30:00,4525598.0,,,,,,,,,,,,,,,,,,,,,,,,,,,,,,,,,,,,,,,,,,,,,,,,,,,,,,,,,,,,,,,,
2022-02-26 17:35:00,4528381.5,,,,,,,,,,,,,,,,,,,,,,,,,,,,,,,,,,,,,,,,,,,,,,,,,,,,,,,,,,,,,,,,
2022-02-26 17:40:00,4533542.0,,,,,,,,,,,,,,,,,,,,,,,,,,,,,,,,,,,,,,,,,,,,,,,,,,,,,,,,,,,,,,,,
2022-02-26 17:45:00,4537999.0,,,ask,,,,,ask,,,,,,,,,,,ask,,,,,ask,,,ask,,,,,ask,,,,,,,,,bid,bid,bid,bid,,bid,bid,bid,,,ask,,,,,ask,,,ask,,,,,ask
2022-02-26 17:50:00,4538047.5,,,,,,,,,,,,,,,,,,,,,,,,,,,,,,,,,,,,,,,,,,,,,,,,ask,,,,,,,,,,,,,,,,
2022-02-26 17:55:00,4535751.5,,,,,,,,,,,,,,,,,,,,,,,,,,,,,,,,,,,,,,,,,,,,,,,,,,,,,,,,,,,,,,,,
2022-02-26 18:00:00,4536252.0,ask,,,,,,,,,,,,,,,,ask,,,,,,,,ask,,,,,,,,,,,,,,,,ask,,,,,,,,ask,,,,,,,,ask,,,,,,,
2022-02-26 18:05:00,4529436.5,,,,,,ask,,,,,,,,,,,,,,,,,,,,,,,,ask,,,,,,,,,,,,,,,,ask,,,,,,,,ask,,,,,,,,ask,,
2022-02-26 18:10:00,4528740.5,,,,,,,,,,,,,,,,,,,,,,,,,,,,,,,,,,,,,,,,,,,,,,,,,,,,,,,,,,,,,,,,
2022-02-26 18:15:00,4516820.0,,,,,,,,,,,,,,,,,bid,,bid,,,bid,bid,bid,bid,,bid,,,bid,bid,bid,,,,,,,,,,,,,,,,,,,,,,,,,,,,,,,,
2022-02-26 18:20:00,4499598.5,,,,,,,,,,,,,,,,,,,,,,,,,,,,,,,,,bid,bid,bid,bid,bid,bid,bid,bid,,,,,,,,,,,,,,,,,bid,,bid,,,bid,bid,bid
2022-02-26 18:25:00,4502435.5,,,,,,,,,,,,,,,,,,,,,,,,,,,,,,,,,,,,,,,,,,,,,,,,,,,,,,,,,,,,,,,,
2022-02-26 18:30:00,4503205.0,bid,,bid,,,bid,bid,bid,bid,bid,bid,bid,bid,bid,bid,bid,,,,,,,,,,,,,,,,,,,,,,,,,,,,,,,,,,,,,,,,,,,,,,,,
2022-02-26 18:35:00,4509114.5,,,,,,,,,,,,,,,,,,,,,,,,,,,,,,,,,,,,,,,,,,,,,,,,,,,,,,,,,,,,,,,,
2022-02-26 18:40:00,4505324.5,,,,,,,,,,,,,,,,,,,,,,,,,,,,,,,,,,,,,,,,,,,,,,,,,,,,,,,,,,,,,,,,
2022-02-26 18:45:00,4506709.0,,,,,,,,,,,,,,,,,,,,,,,,,,,,,,,,,,,,,,,,,,,,,,,,,bid,,bid,,,bid,,bid,,,,,,,,
2022-02-26 18:50:00,4510964.0,,,,,,,,,,,,,,,,,,,,,,,,,,,,,,,,,,,,,,,,,,,,,,,,,,,,,,,,,,,,,,,,
2022-02-26 18:55:00,4515786.5,,,,,,,,,,,,,,,,,,,,,,,,,,,,,,,,,,,,,,,,,,,,,,,,,,,,,,,,,,,,,,,,
2022-02-26 19:00:00,4519652.0,,,,,,,,,,,,,,,,,,,,,,,,,,,,,,,,,,,,,,,,,,,,,,,,,,,,,,,,,,,,,,,,
2022-02-26 19:05:00,4529153.0,,,,,,,,,,,,,,,,,,,,,,,,,,,,,,,,,,,,,,,,,,,,,,,,,,,,,,,,,,,,,,,,
2022-02-26 19:10:00,4529400.0,,,ask,,,,,,,,ask,,,,,,,,ask,,,,,,,,ask,,,,,,,,ask,,,,,,,,ask,,,,,,,,ask,,,,,,,,ask,,,,,
2022-02-26 19:15:00,4534466.0,,,,,,,,,,,,,,,,,,,,,,,,,,,,,,,,,,,,,,,,,,,,,,,,,,,,,,,,,,,,,,,,
2022-02-26 19:20:00,4532898.5,,,,,,,,,,,,,,,,,,,,,,,,,,,,,,,,,,,,,,,,,bid,,bid,,,bid,,bid,,,,,,,,,,,,,,,,
2022-02-26 19:25:00,4543697.5,,ask,,,,,,,,ask,,,,,,,,ask,,,,,,,,ask,,,,,,,,ask,,,,,,,,ask,,,,,,,,ask,,,,,,,,ask,,,,,,
2022-02-26 19:30:00,4543872.5,,,,,,,,ask,,,,,,,,ask,,,,,,,,ask,,,,,,,,ask,,,,,,,,ask,,,,,,,,ask,,,,,,,,ask,,,,,,,,ask
2022-02-26 19:35:00,4540538.0,ask,,,,,,,,ask,,,,,,,,ask,,,,,,,,ask,,,,,,,,ask,,,,,,,,ask,,,,,,,,ask,,,,,,,,ask,,,,,,,
2022-02-26 19:40:00,4544688.0,,,,,,,,,,,,,,,,,,,,,,,,,,,,,,,,,,,,,,,,,,,,,,,,,,,,,,,,,,,,,,,,
2022-02-26 19:45:00,4539942.5,,,,,,,,,,,,,,,,,,,,,,,,,,,,,,,,,,,,,,,,,,,,,,,,,,,,,,,,,,,,,,,,
2022-02-26 19:50:00,4539335.0,,,,,,,ask,,,,,,,,ask,,,,,,,,ask,,,,,,,,ask,,,,,,,,ask,,,,,,,,ask,,,,,,,,ask,,,,,,,,ask,
2022-02-26 19:55:00,4538865.5,,,,,,,,,,,,,,,,,,,,,,,,,,,,,,,,,,,,,,,,,,,,,,,,,,,,,,,,,,,,,,,,
2022-02-26 20:00:00,4538557.0,,,,,,,,,,,,,,,,,,,,,,,,,,,,,,,,,,,,,,,,,,,,,,,,,,,,,,,,,,,,,,,,
2022-02-26 20:05:00,4536923.0,,,,,,,,,,,,,,,,,,,,,,,,,,,,,,,,,,,,,,,,,,,,,,,,,,,,,,,,,,,,,,,,
2022-02-26 20:10:00,4536638.0,,,,,,,,,,,,,,,,,,,,,,,,,,,,,,,,,,,,,,,,,,,,,,,,,,,,,,,,,,,,,,,,
2022-02-26 20:15:00,4536608.5,,,,,,,,,,,,,,,,,,,,,,,,,,,,,,,,,,,,,,,,,,,,,,,,,,,,,,,,,,,,,,,,
2022-02-26 20:20:00,4538516.5,,,,,,,,,,,,,,,,,,,,,,,,,,,,,,,,,,,,,,,,,,,,,,,,,,,,,,,,,,,,,,,,
2022-02-26 20:25:00,4541250.5,,,,,,,,,,,,,,,,,,,,,,,,,,,,,,,,,,,,,,,,,,,,,,,,,,,,,,,,,,,,,,,,
2022-02-26 20:30:00,4543559.0,,,,,,,,,,,,,,,,,,,,,,,,,,,,,,,,,,,,,,,,,,,,,,,,,,,,,,,,,,,,,,,,
2022-02-26 20:35:00,4544088.5,,,,,,,,,,,,,,,,,,,,,,,,,,,,,,,,,,,,,,,,,,,,,,,,,,,,,,,,,,,,,,,,
2022-02-26 20:40:00,4542971.5,,,,,,,,,,,,,,,,,,,,,,,,,,,,,,,,,,,,,,,,,,,,,,,,,,,,,,,,,,,,,,,,
2022-02-26 20:45:00,4548372.5,,,,,,,,,,,,,,,,,,,,,,,,,,,,,,,,,,,,,,,,,,,,,,,,,,,,,,,,,,,,,,,,
2022-02-26 20:50:00,4549162.0,,,,,,,,,,,,,,,,,,,,,,,,,,,,,,,,,,,,,,,,,,,,,,,,,,,,,,,,,,,,,,,,
2022-02-26 20:55:00,4549734.0,,,,,,,,,,,,,,,,,,,,,,,,,,,,,,,,,,,,,,,,,,,,,,,,,,,,,,,,,,,,,,,,
2022-02-26 21:00:00,4544708.5,,,,,,,,,,,,,,,,,,,,,,,,,,,,,,,,,,,,,,,,,,,,,,,,,,,,,,,,,,,,,,,,
2022-02-26 21:05:00,4544228.0,,,,,,,,,,,,,,,,,,,,,,,,,,,,,,,,,,,,,,,,,,,,,,,,,,,,,,,,,,,,,,,,
2022-02-26 21:10:00,4552055.5,,,,,,,,,,,,,,,,,,,,,,,,,,,,,,,,,,,,,,,,,,,,,,,,,,,,,,,,,,,,,,,,
2022-02-26 21:15:00,4557954.5,,,,ask,,,,,,,,ask,,,,,,,,ask,,,,,,,,ask,,,,,,,,ask,,,,,,,,ask,,,,,,,,ask,,,,,,,,ask,,,,
2022-02-26 21:20:00,4558394.0,,,,,,,,,,,,,,,,,,,,,,,,,,,,,,,,,,,,,,,,,,,,,,,,,,,,,,,,,,,,,,,,
2022-02-27 00:00:00,4519513.5,,,,,,ask,,,,,,,,ask,,,bid,bid,bid,bid,,ask,bid,bid,bid,bid,bid,bid,,ask,bid,bid,bid,bid,bid,bid,,ask,bid,bid,,,,,,ask,,,,,,,,ask,,,,,,,,ask,,
2022-02-27 00:05:00,4514358.0,,,,,,,,,,,,,,,,,,,,,,,,,,,,,,bid,,,,,,,,,,,,,,,,,,,,,,,,,,,,,,,,,,
2022-02-27 00:10:00,4523554.0,,,,,,,,,,,,,,,,,,,,,,,,,,,,,,,,,,,,,,,,,,,,,,,,,,,,,,,,,,,,,,,,
2022-02-27 00:15:00,4527956.5,,,,,,,,,,,,,,,,,,,,,,,,,,,,,,,,,,,,,,,,,,,,,,,,,,,,,,,,,,,,,,,,
2022-02-27 00:20:00,4529138.0,bid,bid,bid,bid,,bid,bid,bid,,,,,,,,,,,,,,,,,,,,,,,,,,,,,,,,,,,,,,,,,,,,,,,,,,,,,,,,
2022-02-27 00:25:00,4515465.0,,,,,,,,,,,,,,,,,,,,,,,,,,,,,,,,,,,,,,,,,,,,,,,,,,,,,,,,,,,,,,,,
2022-02-27 00:30:00,4500144.5,,,,,,,,,,,,,,,,,,,,,,,,,,,,,,,,,,,,,,,,,,,,,,,,,,,,,,,,,bid,bid,bid,bid,,bid,bid,bid
2022-02-27 00:35:00,4492512.0,,,,,,,,,bid,bid,bid,bid,,bid,bid,bid,,,,,,,,,,,,,,,,,,,,,,,,,,,,,,,,,,,,,,,,,,,,,,,,
2022-02-27 00:40:00,4485244.0,,,,,,,,,,,,,,,,,,,,,,,,,,,,,,,,,,,,,,,,,,,,,,,,,,,,,,,,,,,,,,,,
2022-02-27 00:45:00,4488641.5,,,,,,,,,,,,,,,,,,,,,,,,,,,,,,,,,,,,,,,,,,,,,,,,,,,,,,,,,,,,,,,,
2022-02-27 00:50:00,4486536.0,,,,,,,,,,,,,,,,,,,,,,,,,,,,,,,,,,,,,,,,,,,,,,,,,,,,,,,,,,,,,,,,
2022-02-27 00:55:00,4493759.0,,,,,,,,,,,,,,,,,,,,,,,,,,,,,,,,,,,,,,,,,,,,,,,,,,,,,,,,,,,,,,,,
2022-02-27 01:00:00,4487743.5,,,,,,,,,,,,,,,,,,,,,,,,,,,,,,,,,,,,,,,,,,,,,,,,,,,,,,,,,,,,,,,,
2022-02-27 01:05:00,4463162.0,,,,,,,,,,,,,,,,,,,,,,,,,,,,,,,,,,,,,,,,,,,,,,,,,,,,,,,,,,,,,,,,
2022-02-27 01:10:00,4440723.0,,,,,,,,,,,,,,,,,,,,,,,,,,,,,,,,,,,,,,,,,,,,,,,,,,,,,,,,,,,,,,,,
2022-02-27 01:15:00,4447891.5,,,,,,,,,,,,,,,,,,,,,,,,,,,,,,,,,,,,,,,,,,,,,,,,,,,,,,,,,,,,,,,,
2022-02-27 01:20:00,4450218.0,,,,,,,,,,,,,,,,,,,,,,,,,,,,,,,,,,,,,,,,,,,,,,,,,,,,,,,,,,,,,,,,
2022-02-27 01:25:00,4451346.5,,,,,,,,,,,,,,,,,,,,,,,,,,,,,,,,,,,,,,,,,,,,,,,,,,,,,,,,,,,,,,,,
2022-02-27 01:30:00,4440519.0,,,,,,,,,,,,,,,,,,,,,,,,,,,,,,,,,,,,,,,,,,,,,,,,,,,,,,,,,,,,,,,,
2022-02-27 01:35:00,4447637.0,,,,,,,,,,,,,,,,,,,,,,,,,,,,,,,,,,,,,,,,,,,,,,,,,,,,,,,,,,,,,,,,
2022-02-27 01:40:00,4445589.0,,,,,,,,,,,,,,,,,,,,,,,,,,,,,,,,,,,,,,,,,,,,,,,,,,,,,,,,,,,,,,,,
2022-02-27 01:45:00,4449148.0,,,,,,,,,,,,,,,,,,,,,,,,,,,,,,,,,,,,,,,,,,,,,,,,,,,,,,,,,,,,,,,,
2022-02-27 01:50:00,4447539.5,,,,,,,,,,,,,,,,,,,,,,,,,,,,,,,,,,,,,,,,,,,,,,,,,,,,,,,,,,,,,,,,
2022-02-27 01:55:00,4442152.5,,,,,,,,,,,,,,,,,,,,,,,,,,,,,,,,,,,,,,,,,,,,,,,,,,,,,,,,,,,,,,,,
2022-02-27 02:00:00,4425453.5,,,,,,,,,,,,,,,,,,,,,,,,,,,,,,,,,,,,,,,,,,,,,,,,,,,,,,,,,,,,,,,,
2022-02-27 02:05:00,4436703.5,,,,,,,,,,,,,,,,,,,,,,,,,,,,,,,,,,,,,,,,,,,,,,,,,,,,,,,,,,,,,,,,
2022-02-27 02:10:00,4440625.0,,,,,,,,,,,,,,,,,,,,,,,,,,,,,,,,,,,,,,,,,,,,,,,,,bid,bid,bid,bid,,bid,bid,bid,,,,,,,,
2022-02-27 02:15:13,4441136.5,,,,,,,,,,,,,,,,,,,,,,,,,,,,,,,,,,,,,,,,,,,,,,,,,,,,,,,,,,,,,,,,
